sequence,pair,type,num_kpts_ref,num_kpts_tgt,num_matches,mma@1px,mma@2px,mma@3px,mma@4px,mma@5px,mma@6px,mma@7px,mma@8px,mma@9px,mma@10px
i_ajuntament,1-2,illumination,2048,2048,1419,0.5961945031712473,0.7751937984496124,0.8534178999295279,0.8914728682170543,0.9119097956307258,0.919661733615222,0.9245947850599013,0.9281183932346723,0.9330514446793516,0.9358703312191684
i_ajuntament,1-3,illumination,2048,2048,1018,0.28487229862475444,0.44204322200392926,0.5697445972495089,0.6394891944990176,0.6886051080550099,0.7092337917485265,0.7200392927308448,0.731827111984283,0.7387033398821218,0.7426326129666012
i_ajuntament,1-4,illumination,2048,2048,805,0.14906832298136646,0.22732919254658385,0.2968944099378882,0.3316770186335404,0.368944099378882,0.38509316770186336,0.3950310559006211,0.4111801242236025,0.42732919254658386,0.43975155279503103
i_ajuntament,1-5,illumination,2048,2048,783,0.1545338441890166,0.22349936143039592,0.2962962962962963,0.3231162196679438,0.34610472541507026,0.35759897828863346,0.3652618135376756,0.3831417624521073,0.3946360153256705,0.3997445721583653
i_ajuntament,1-6,illumination,2048,2048,792,0.17803030303030304,0.2727272727272727,0.33585858585858586,0.37247474747474746,0.41414141414141414,0.43308080808080807,0.4444444444444444,0.4633838383838384,0.4734848484848485,0.4810606060606061
i_autannes,1-2,illumination,2048,2048,1474,0.4633649932157395,0.7645861601085482,0.8561736770691994,0.898236092265943,0.9111261872455902,0.9219810040705563,0.937584803256445,0.9416553595658074,0.9484396200814111,0.9518317503392131
i_autannes,1-3,illumination,2048,2048,1363,0.3734409391049156,0.7013939838591343,0.7960381511371973,0.8672046955245781,0.8826118855465884,0.8921496698459281,0.9060895084372708,0.9141599413059428,0.9244314013206163,0.9295671313279531
i_autannes,1-4,illumination,2048,2048,1153,0.04423243712055507,0.21075455333911536,0.33738074588031225,0.5516045099739809,0.627059843885516,0.6704249783174328,0.7120555073720729,0.7215958369470945,0.7476149176062445,0.7571552471812663
i_autannes,1-5,illumination,2048,2048,1152,0.12760416666666666,0.3845486111111111,0.4973958333333333,0.6493055555555556,0.6796875,0.7005208333333334,0.7395833333333334,0.7491319444444444,0.765625,0.7682291666666666
i_autannes,1-6,illumination,2048,2048,1335,0.2606741573033708,0.5483146067415731,0.650936329588015,0.7460674157303371,0.7677902621722846,0.7842696629213484,0.8089887640449438,0.8119850187265918,0.8284644194756554,0.8337078651685393
i_bologna,1-2,illumination,2048,2048,1698,0.7220259128386337,0.8875147232037691,0.9587750294464076,0.9799764428739693,0.9870435806831567,0.9905771495877503,0.9905771495877503,0.9917550058892816,0.9923439340400471,0.9923439340400471
i_bologna,1-3,illumination,2048,2048,1632,0.6813725490196079,0.8609068627450981,0.9411764705882353,0.9650735294117647,0.9779411764705882,0.9834558823529411,0.9846813725490197,0.9871323529411765,0.9871323529411765,0.9877450980392157
i_bologna,1-4,illumination,2048,2048,1605,0.6616822429906543,0.8579439252336448,0.9383177570093458,0.9682242990654205,0.983177570093458,0.9862928348909658,0.9869158878504672,0.9875389408099688,0.9881619937694704,0.9887850467289719
i_bologna,1-5,illumination,2048,2048,1559,0.6330981398332264,0.8332264271969211,0.9127645926876202,0.9448364336112893,0.9640795381654907,0.9692110327132777,0.9737010904425915,0.9756254008980115,0.9801154586273252,0.9820397690827454
i_bologna,1-6,illumination,2048,2048,1559,0.5920461834509301,0.8120590121872996,0.9031430404105195,0.9377806286080821,0.9595894804361771,0.9660038486209108,0.9717767799871713,0.9749839640795381,0.9781911481719051,0.9781911481719051
i_books,1-2,illumination,2048,2048,1456,0.40453296703296704,0.7623626373626373,0.8592032967032966,0.9052197802197802,0.9196428571428571,0.929945054945055,0.9381868131868132,0.9429945054945055,0.9478021978021978,0.9491758241758241
i_books,1-3,illumination,2048,2048,1431,0.41579315164220826,0.7582110412299091,0.8399720475192173,0.8742138364779874,0.8979734451432565,0.909853249475891,0.9189378057302585,0.9259259259259259,0.9280223619846262,0.9343116701607268
i_books,1-4,illumination,2048,2048,1473,0.4392396469789545,0.7562797012898846,0.8492871690427699,0.8940936863543788,0.9198913781398507,0.9395790902919212,0.9477257298031229,0.9524779361846571,0.957909029192125,0.9633401221995926
i_books,1-5,illumination,2048,2048,1520,0.4361842105263158,0.7578947368421053,0.8467105263157895,0.8921052631578947,0.9190789473684211,0.9401315789473684,0.9473684210526315,0.9519736842105263,0.9539473684210527,0.9552631578947368
i_books,1-6,illumination,2048,2048,1497,0.43754175016700064,0.7548430193720775,0.8517034068136272,0.9011356045424181,0.9225116900467601,0.9345357381429525,0.9378757515030061,0.9392117568470274,0.9425517702070808,0.9452237808951236
i_boutique,1-2,illumination,2048,2048,1480,0.4871621621621622,0.8432432432432433,0.8986486486486487,0.9202702702702703,0.9317567567567567,0.9418918918918919,0.9554054054054054,0.9594594594594594,0.9621621621621622,0.9641891891891892
i_boutique,1-3,illumination,2048,2048,1340,0.3238805970149254,0.7380597014925373,0.8477611940298507,0.8835820895522388,0.9037313432835821,0.9134328358208955,0.9238805970149254,0.926865671641791,0.9298507462686567,0.9335820895522388
i_boutique,1-4,illumination,2048,2048,1391,0.34363767074047447,0.7455068296189792,0.8404025880661394,0.879942487419123,0.899352983465133,0.9086987778576564,0.9223580158159598,0.9273903666427031,0.9331416247304097,0.9352983465132998
i_boutique,1-5,illumination,2048,2048,1115,0.10672645739910314,0.39461883408071746,0.5847533632286995,0.7085201793721974,0.7632286995515695,0.7946188340807175,0.8071748878923767,0.8152466367713005,0.8233183856502242,0.831390134529148
i_boutique,1-6,illumination,2048,2048,1092,0.11721611721611722,0.42032967032967034,0.5915750915750916,0.6941391941391941,0.7454212454212454,0.7738095238095238,0.7857142857142857,0.7976190476190477,0.804945054945055,0.8076923076923077
i_bridger,1-2,illumination,2048,2048,1483,0.2677006068779501,0.6075522589345921,0.7167902899527984,0.8233310856372218,0.8617666891436278,0.8833445718138908,0.9109912339851652,0.9170600134861767,0.9372892784895482,0.942683749157114
i_bridger,1-3,illumination,2048,2048,1408,0.2606534090909091,0.5717329545454546,0.6796875,0.8053977272727273,0.8380681818181818,0.8636363636363636,0.890625,0.8991477272727273,0.9154829545454546,0.9225852272727273
i_bridger,1-4,illumination,2048,2048,1428,0.27871148459383754,0.6162464985994398,0.7275910364145658,0.8438375350140056,0.8697478991596639,0.8907563025210085,0.9180672268907563,0.9250700280112045,0.9397759103641457,0.9425770308123249
i_bridger,1-5,illumination,2048,2048,1285,0.1992217898832685,0.4785992217898833,0.5898832684824903,0.7455252918287938,0.7859922178988327,0.8140077821011673,0.8560311284046692,0.8653696498054475,0.8840466926070039,0.8894941634241245
i_bridger,1-6,illumination,2048,2048,966,0.057971014492753624,0.16252587991718426,0.2236024844720497,0.3022774327122153,0.3385093167701863,0.36749482401656314,0.4109730848861284,0.42650103519668736,0.4420289855072464,0.44616977225672877
i_brooklyn,1-2,illumination,2048,2048,1571,0.31954169318905157,0.6970082749840866,0.8230426479949077,0.9057924888605984,0.9185232336091661,0.9306174411203055,0.950986632718014,0.954169318905156,0.9605346912794398,0.962444302991725
i_brooklyn,1-3,illumination,2048,2048,1730,0.0023121387283236996,0.04566473988439306,0.06705202312138728,0.8728323699421965,0.938150289017341,0.9641618497109826,0.9745664739884393,0.9780346820809248,0.9815028901734104,0.9815028901734104
i_brooklyn,1-4,illumination,2048,2048,1431,0.01816911250873515,0.23060796645702306,0.41229909154437455,0.8057302585604472,0.859538784067086,0.8812019566736548,0.9119496855345912,0.9217330538085255,0.9364081062194269,0.9385045422781272
i_brooklyn,1-5,illumination,2048,2048,1689,0.0005920663114268798,0.013617525162818236,0.019538188277087035,0.6867969212551805,0.8472468916518651,0.9431616341030196,0.9644760213143873,0.9715808170515098,0.9769094138543517,0.9769094138543517
i_brooklyn,1-6,illumination,2048,2048,1583,0.0012634238787113076,0.04295641187618446,0.06506632975363234,0.7049905243209097,0.817435249526216,0.9052432090966519,0.9317751105495894,0.9444093493367025,0.9646241313960834,0.9677826910928616
i_castle,1-2,illumination,2048,2048,1376,0.4811046511627907,0.7013081395348837,0.8299418604651163,0.8815406976744186,0.9135174418604651,0.9258720930232558,0.9353197674418605,0.9440406976744186,0.9469476744186046,0.9505813953488372
i_castle,1-3,illumination,2048,2048,1491,0.6056338028169014,0.8209255533199196,0.9114688128772636,0.9523809523809523,0.9684775318578136,0.9758551307847082,0.9778672032193159,0.9812206572769953,0.9818913480885312,0.9832327297116029
i_castle,1-4,illumination,2048,2048,1449,0.5369220151828847,0.7632850241545893,0.873015873015873,0.9144237405106971,0.9358178053830227,0.9496204278812974,0.9537612146307799,0.9579020013802623,0.9592822636300897,0.9599723947550034
i_castle,1-5,illumination,2048,2048,1292,0.4473684210526316,0.68343653250774,0.8119195046439629,0.8777089783281734,0.9109907120743034,0.9272445820433437,0.934984520123839,0.9396284829721362,0.9396284829721362,0.9427244582043344
i_castle,1-6,illumination,2048,2048,1280,0.45078125,0.6546875,0.78671875,0.84765625,0.88984375,0.9015625,0.91015625,0.9203125,0.92109375,0.92265625
i_chestnuts,1-2,illumination,2048,2048,1640,0.5237804878048781,0.8329268292682926,0.9024390243902439,0.9280487804878049,0.9451219512195121,0.9542682926829268,0.9621951219512195,0.9652439024390244,0.9689024390243902,0.9713414634146341
i_chestnuts,1-3,illumination,2048,2048,1608,0.5161691542288557,0.8277363184079602,0.900497512437811,0.9340796019900498,0.9477611940298507,0.9564676616915423,0.9620646766169154,0.9670398009950248,0.9695273631840796,0.9713930348258707
i_chestnuts,1-4,illumination,2048,2048,1587,0.47700063011972277,0.81411468178954,0.8897290485192186,0.9199747952110902,0.9401386263390044,0.947069943289225,0.9546313799621928,0.9603024574669187,0.9634530560806553,0.9659735349716446
i_chestnuts,1-5,illumination,2048,2048,1500,0.4726666666666667,0.7973333333333333,0.8746666666666667,0.908,0.9293333333333333,0.9426666666666667,0.9506666666666667,0.9546666666666667,0.9586666666666667,0.964
i_chestnuts,1-6,illumination,2048,2048,1394,0.41750358680057387,0.7783357245337159,0.8543758967001435,0.8866571018651362,0.9081779053084649,0.9225251076040172,0.9354375896700143,0.9383070301291249,0.9418938307030129,0.945480631276901
i_contruction,1-2,illumination,2048,2048,1709,0.6664716208308953,0.6664716208308953,0.8899941486249269,0.9291983616149795,0.9291983616149795,0.9502633118782914,0.9502633118782914,0.954359274429491,0.9602106495026331,0.9607957870099474
i_contruction,1-3,illumination,2048,2048,1675,0.6925373134328359,0.6925373134328359,0.8949253731343284,0.937910447761194,0.937910447761194,0.9611940298507463,0.9611940298507463,0.9671641791044776,0.968955223880597,0.9701492537313433
i_contruction,1-4,illumination,2048,2048,1489,0.5359301544660846,0.5359301544660846,0.8045668233713902,0.8817998656816656,0.8817998656816656,0.9194089993284084,0.9194089993284084,0.9247817327065144,0.9288112827400941,0.9335124244459369
i_contruction,1-5,illumination,2048,2048,1186,0.2706576728499157,0.2706576728499157,0.5708263069139966,0.693929173693086,0.693929173693086,0.7892074198988196,0.7892074198988196,0.8026981450252951,0.8271500843170321,0.8355817875210793
i_contruction,1-6,illumination,2048,2048,1078,0.21985157699443414,0.21985157699443414,0.47959183673469385,0.5974025974025974,0.5974025974025974,0.699443413729128,0.699443413729128,0.7282003710575139,0.7467532467532467,0.7551020408163265
i_crownday,1-2,illumination,2048,2048,1258,0.2329093799682035,0.5079491255961844,0.6255961844197139,0.670906200317965,0.7217806041335453,0.766295707472178,0.7774244833068362,0.7941176470588235,0.8036565977742448,0.8211446740858506
i_crownday,1-3,illumination,2048,2048,1326,0.3129713423831071,0.5904977375565611,0.722473604826546,0.7579185520361991,0.808446455505279,0.8423831070889894,0.8461538461538461,0.8589743589743589,0.8710407239819005,0.8853695324283559
i_crownday,1-4,illumination,2048,2048,1426,0.3211781206171108,0.6255259467040674,0.7349228611500701,0.773492286115007,0.8169705469845723,0.8492286115007013,0.8548387096774194,0.8702664796633941,0.8751753155680224,0.8892005610098177
i_crownday,1-5,illumination,2048,2048,1429,0.3820853743876837,0.6843946815955213,0.7844646606018194,0.8138558432470259,0.85444366689993,0.8838348495451365,0.8894331700489853,0.900629811056683,0.907627711686494,0.9132260321903429
i_crownday,1-6,illumination,2048,2048,1229,0.21643612693246542,0.48006509357200977,0.6224572823433686,0.6672091131000814,0.7388120423108218,0.7770545158665582,0.7851912123677787,0.8014646053702197,0.8161106590724166,0.8258746948738812
i_crownnight,1-2,illumination,2048,2048,1445,0.3674740484429066,0.3674740484429066,0.6532871972318339,0.772318339100346,0.797923875432526,0.8346020761245675,0.8560553633217993,0.8698961937716263,0.8809688581314878,0.8948096885813149
i_crownnight,1-3,illumination,2048,2048,1442,0.3564493758668516,0.3564493758668516,0.6622746185852982,0.7780859916782247,0.8099861303744799,0.8626907073509015,0.8807212205270458,0.8952843273231623,0.9091539528432733,0.9188626907073509
i_crownnight,1-4,illumination,2048,2048,1452,0.36363636363636365,0.36363636363636365,0.6322314049586777,0.7672176308539945,0.7975206611570248,0.8505509641873278,0.8746556473829201,0.8822314049586777,0.8925619834710744,0.9035812672176309
i_crownnight,1-5,illumination,2048,2048,1333,0.29257314328582146,0.29257314328582146,0.6009002250562641,0.7149287321830458,0.7516879219804952,0.8042010502625656,0.8289572393098275,0.8484621155288822,0.859714928732183,0.873218304576144
i_crownnight,1-6,illumination,2048,2048,778,0.04627249357326478,0.04627249357326478,0.11696658097686376,0.16195372750642673,0.18637532133676094,0.2185089974293059,0.2390745501285347,0.2519280205655527,0.2596401028277635,0.2802056555269923
i_dc,1-2,illumination,2048,2048,1399,0.2852037169406719,0.2852037169406719,0.2852037169406719,0.2852037169406719,0.588277340957827,0.725518227305218,0.725518227305218,0.725518227305218,0.8305932809149392,0.8305932809149392
i_dc,1-3,illumination,2048,2048,1394,0.24533715925394547,0.24533715925394547,0.24533715925394547,0.24533715925394547,0.569583931133429,0.7116212338593975,0.7116212338593975,0.7116212338593975,0.8292682926829268,0.8292682926829268
i_dc,1-4,illumination,2048,2048,1350,0.20296296296296296,0.20296296296296296,0.20296296296296296,0.20296296296296296,0.5488888888888889,0.7014814814814815,0.7014814814814815,0.7014814814814815,0.8066666666666666,0.8066666666666666
i_dc,1-5,illumination,2048,2048,1371,0.16338439095550694,0.16338439095550694,0.16338439095550694,0.16338439095550694,0.5061998541210795,0.6571845368344275,0.6571845368344275,0.6571845368344275,0.7819110138584975,0.7819110138584975
i_dc,1-6,illumination,2048,2048,1394,0.15351506456241032,0.15351506456241032,0.15351506456241032,0.15351506456241032,0.5129124820659972,0.6944045911047346,0.6944045911047346,0.6944045911047346,0.8127690100430416,0.8127690100430416
i_dome,1-2,illumination,2048,2048,1695,0.6112094395280236,0.8684365781710914,0.9244837758112094,0.9551622418879055,0.9640117994100295,0.9699115044247788,0.9752212389380531,0.9787610619469026,0.9811209439528024,0.9817109144542773
i_dome,1-3,illumination,2048,2048,996,0.1746987951807229,0.40963855421686746,0.5502008032128514,0.6746987951807228,0.7048192771084337,0.7319277108433735,0.7550200803212851,0.7650602409638554,0.7951807228915663,0.8012048192771084
i_dome,1-4,illumination,2048,2048,986,0.1663286004056795,0.41886409736308317,0.5496957403651116,0.6693711967545639,0.7028397565922921,0.7332657200811359,0.7586206896551724,0.7657200811359026,0.7890466531440162,0.7981744421906694
i_dome,1-5,illumination,2048,2048,1014,0.15483234714003946,0.41420118343195267,0.5552268244575936,0.6863905325443787,0.7169625246548323,0.7435897435897436,0.7712031558185405,0.777120315581854,0.7958579881656804,0.7988165680473372
i_dome,1-6,illumination,2048,2048,1344,0.328125,0.6264880952380952,0.7537202380952381,0.8571428571428571,0.8816964285714286,0.8973214285714286,0.9144345238095238,0.9181547619047619,0.9330357142857143,0.9382440476190477
i_duda,1-2,illumination,2048,2048,1882,0.5611052072263549,0.971307120085016,0.9798087141339001,0.9888416578108395,0.9936238044633369,0.9941551540913921,0.9946865037194474,0.9952178533475027,0.9968119022316685,0.9973432518597237
i_duda,1-3,illumination,2048,2048,1821,0.42888522789676004,0.9406919275123559,0.9615595826468973,0.9807797913234486,0.9912136188907194,0.9939593629873695,0.9950576606260296,0.9961559582646897,0.9972542559033498,0.9978034047226798
i_duda,1-4,illumination,2048,2048,1753,0.39988590986879635,0.9127210496292071,0.9429549343981746,0.966343411294923,0.9811751283513976,0.9851682829435254,0.9868796349115802,0.9874500855675984,0.9897318881916715,0.9908727895037079
i_duda,1-5,illumination,2048,2048,1682,0.2972651605231867,0.8816884661117717,0.9167657550535078,0.9565992865636147,0.9780023781212842,0.9833531510107015,0.9851367419738407,0.9881093935790726,0.9892984542211652,0.9910820451843044
i_duda,1-6,illumination,2048,2048,1497,0.38142952571810285,0.8289913159652639,0.884435537742151,0.9238476953907816,0.9505678022712091,0.9552438209752839,0.9605878423513694,0.9645958583834335,0.9665998663994656,0.9672678690714763
i_fenis,1-2,illumination,2048,2048,1649,0.71922377198302,0.8611279563371741,0.9151000606428138,0.939963614311704,0.9581564584596726,0.9660400242571255,0.9702850212249848,0.9708914493632504,0.9727107337780473,0.9739235900545785
i_fenis,1-3,illumination,2048,2048,1407,0.5550817341862118,0.7533759772565742,0.8351101634683724,0.8727789623312011,0.9054726368159204,0.9189765458422174,0.9253731343283582,0.9317697228144989,0.9360341151385928,0.9388770433546553
i_fenis,1-4,illumination,2048,2048,1072,0.20615671641791045,0.376865671641791,0.5046641791044776,0.585820895522388,0.6371268656716418,0.6623134328358209,0.6819029850746269,0.6902985074626866,0.7042910447761194,0.7089552238805971
i_fenis,1-5,illumination,2048,2048,1018,0.2111984282907662,0.35952848722986247,0.4656188605108055,0.5235756385068763,0.587426326129666,0.6090373280943026,0.6335952848722987,0.6424361493123772,0.6512770137524558,0.6620825147347741
i_fenis,1-6,illumination,2048,2048,1098,0.3324225865209472,0.465391621129326,0.5619307832422586,0.6092896174863388,0.6502732240437158,0.6703096539162113,0.6894353369763205,0.7012750455373407,0.7067395264116576,0.7103825136612022
i_fog,1-2,illumination,2048,2048,1520,0.7453947368421052,0.8638157894736842,0.905921052631579,0.9289473684210526,0.9401315789473684,0.9447368421052632,0.9526315789473684,0.9565789473684211,0.9605263157894737,0.9631578947368421
i_fog,1-3,illumination,2048,2048,1336,0.6811377245508982,0.8008982035928144,0.8547904191616766,0.8817365269461078,0.9004491017964071,0.906437125748503,0.9116766467065869,0.9146706586826348,0.9154191616766467,0.9191616766467066
i_fog,1-4,illumination,2048,2048,1185,0.6379746835443038,0.7535864978902953,0.8202531645569621,0.8354430379746836,0.8489451476793249,0.8565400843881856,0.8624472573839662,0.8675105485232067,0.8717299578059071,0.8742616033755274
i_fog,1-5,illumination,2048,2048,1054,0.6024667931688804,0.7039848197343453,0.7438330170777988,0.7580645161290323,0.7675521821631879,0.7722960151802657,0.7760910815939279,0.7808349146110057,0.7827324478178368,0.786527514231499
i_fog,1-6,illumination,2048,2048,1024,0.5830078125,0.6982421875,0.7333984375,0.75390625,0.7685546875,0.7744140625,0.78125,0.78515625,0.7880859375,0.7900390625
i_fruits,1-2,illumination,2048,2048,1344,0.48586309523809523,0.6584821428571429,0.7671130952380952,0.8162202380952381,0.8504464285714286,0.8601190476190477,0.8638392857142857,0.8735119047619048,0.8772321428571429,0.8802083333333334
i_fruits,1-3,illumination,2048,2048,1289,0.4600465477114042,0.6353762606671839,0.7292474786656322,0.7788983708301008,0.8122575640031032,0.8301008533747091,0.8401861908456167,0.8502715283165244,0.8549262994569433,0.8588052754072925
i_fruits,1-4,illumination,2048,2048,1277,0.46515270164447925,0.6264682850430697,0.7298355520751761,0.7776037588097102,0.8144087705559906,0.826938136256852,0.8418167580266249,0.851213782302271,0.8543461237274863,0.860610806577917
i_fruits,1-5,illumination,2048,2048,1293,0.4354215003866976,0.6078886310904872,0.7061098221191029,0.7563805104408353,0.7819025522041764,0.8012374323279196,0.8128383604021655,0.8252126836813611,0.8306264501160093,0.8375870069605569
i_fruits,1-6,illumination,2048,2048,1306,0.43721286370597245,0.6079632465543645,0.7243491577335375,0.77947932618683,0.8101071975497703,0.8277182235834609,0.8361408882082695,0.8392036753445635,0.8468606431852986,0.8529862174578867
i_gonnenberg,1-2,illumination,2048,2048,1562,0.7906530089628682,0.9001280409731114,0.9346991037131882,0.9455825864276568,0.9526248399487837,0.9583866837387964,0.9609475032010243,0.9615877080665813,0.9622279129321383,0.9622279129321383
i_gonnenberg,1-3,illumination,2048,2048,1581,0.7583807716635041,0.8798228969006958,0.9196710942441493,0.937381404174573,0.9468690702087287,0.9531941808981658,0.9595192915876027,0.9626818469323213,0.9658444022770398,0.9671094244149273
i_gonnenberg,1-4,illumination,2048,2048,1492,0.6936997319034852,0.8364611260053619,0.9041554959785523,0.9323056300268097,0.9443699731903485,0.9524128686327078,0.9564343163538874,0.9591152815013405,0.9611260053619303,0.9617962466487936
i_gonnenberg,1-5,illumination,2048,2048,1513,0.7191011235955056,0.8770654329147389,0.9213483146067416,0.9365499008592201,0.9464639788499669,0.9510905485789821,0.9543952412425645,0.9563780568407139,0.9590218109715797,0.9603436880370125
i_gonnenberg,1-6,illumination,2048,2048,1508,0.7208222811671088,0.863395225464191,0.9091511936339522,0.9343501326259946,0.9456233421750663,0.9496021220159151,0.9549071618037135,0.9568965517241379,0.9568965517241379,0.9588859416445623
i_greenhouse,1-2,illumination,2048,2048,1429,0.6738978306508048,0.834149755073478,0.8894331700489853,0.9244226731980406,0.940517844646606,0.946815955213436,0.9545136459062281,0.9552134359692093,0.9587123862841148,0.9615115465360392
i_greenhouse,1-3,illumination,2048,2048,1421,0.6129486277269528,0.8085855031667839,0.8740323715693173,0.9014778325123153,0.9183673469387755,0.928219563687544,0.9338494018296974,0.9359605911330049,0.9387755102040817,0.9408866995073891
i_greenhouse,1-4,illumination,2048,2048,1370,0.5489051094890511,0.7481751824817519,0.8321167883211679,0.8656934306569343,0.8927007299270073,0.9007299270072993,0.9051094890510949,0.908029197080292,0.9116788321167884,0.9131386861313868
i_greenhouse,1-5,illumination,2048,2048,1324,0.48489425981873113,0.7190332326283988,0.8194864048338368,0.8512084592145015,0.8738670694864048,0.8859516616314199,0.8942598187311178,0.898036253776435,0.9018126888217523,0.9033232628398792
i_greenhouse,1-6,illumination,2048,2048,1252,0.4097444089456869,0.6246006389776357,0.7412140575079872,0.7907348242811502,0.8170926517571885,0.8306709265175719,0.8410543130990416,0.8490415335463258,0.8586261980830671,0.8634185303514377
i_greentea,1-2,illumination,2048,2048,1444,0.6011080332409973,0.8781163434903048,0.925207756232687,0.943213296398892,0.9529085872576177,0.9591412742382271,0.961218836565097,0.9619113573407202,0.9653739612188366,0.9660664819944599
i_greentea,1-3,illumination,2048,2048,1637,0.6487477092241906,0.9260843005497862,0.9615149664019548,0.9731215638362859,0.9780085522296884,0.981062919975565,0.9816737935247404,0.982895540623091,0.9841172877214417,0.9841172877214417
i_greentea,1-4,illumination,2048,2048,1686,0.6743772241992882,0.9341637010676157,0.9673784104389087,0.9715302491103203,0.9762752075919335,0.9786476868327402,0.9816132858837485,0.9822064056939501,0.9851720047449585,0.9863582443653618
i_greentea,1-5,illumination,2048,2048,1693,0.6597755463673951,0.93502658003544,0.9580626107501476,0.9704666272888364,0.974010632014176,0.9769639692852924,0.9793266391021854,0.980507974010632,0.9816893089190786,0.9834613112817484
i_greentea,1-6,illumination,2048,2048,1639,0.5967053081147041,0.9139719341061623,0.949359365466748,0.9640024405125076,0.9725442342892008,0.9810860280658938,0.9816961561928005,0.9835265405735204,0.9853569249542404,0.9859670530811471
i_indiana,1-2,illumination,2048,2048,1395,0.2953405017921147,0.5949820788530465,0.7247311827956989,0.8344086021505376,0.8566308243727598,0.8724014336917563,0.8982078853046594,0.9053763440860215,0.9197132616487456,0.9268817204301075
i_indiana,1-3,illumination,2048,2048,1295,0.24633204633204633,0.5722007722007721,0.6965250965250965,0.8,0.816988416988417,0.8416988416988417,0.8749034749034749,0.8795366795366796,0.8942084942084942,0.8972972972972973
i_indiana,1-4,illumination,2048,2048,1256,0.21337579617834396,0.5111464968152867,0.6265923566878981,0.7404458598726115,0.768312101910828,0.7882165605095541,0.8288216560509554,0.8367834394904459,0.8511146496815286,0.8558917197452229
i_indiana,1-5,illumination,2048,2048,1202,0.2113144758735441,0.49750415973377704,0.6173044925124792,0.7304492512479202,0.7645590682196339,0.7911813643926788,0.8202995008319468,0.8302828618968386,0.8435940099833611,0.8477537437603994
i_indiana,1-6,illumination,2048,2048,1173,0.2020460358056266,0.45865302642796246,0.5643648763853367,0.6820119352088662,0.7263427109974424,0.7561807331628303,0.7971014492753623,0.8098891730605285,0.824381926683717,0.8337595907928389
i_kions,1-2,illumination,2048,2048,1189,0.343986543313709,0.6198486122792263,0.7535744322960471,0.798990748528175,0.8284272497897393,0.8494533221194281,0.8603868797308662,0.864592094196804,0.8704793944491169,0.8755256518082423
i_kions,1-3,illumination,2048,2048,1106,0.41952983725135623,0.5985533453887885,0.6871609403254972,0.7215189873417721,0.7432188065099458,0.7504520795660036,0.7603978300180831,0.7649186256781193,0.7685352622061483,0.7730560578661845
i_kions,1-4,illumination,2048,2048,880,0.2056818181818182,0.3340909090909091,0.45454545454545453,0.5022727272727273,0.5306818181818181,0.5465909090909091,0.5579545454545455,0.5681818181818182,0.5784090909090909,0.5829545454545455
i_kions,1-5,illumination,2048,2048,857,0.16569428238039674,0.30105017502917153,0.4177362893815636,0.47724620770128356,0.5180863477246208,0.5355892648774796,0.5472578763127188,0.5577596266044341,0.5624270711785297,0.5647607934655776
i_kions,1-6,illumination,2048,2048,996,0.44879518072289154,0.5592369477911646,0.6234939759036144,0.6536144578313253,0.6666666666666666,0.6736947791164659,0.6827309236947792,0.6907630522088354,0.6987951807228916,0.7028112449799196
i_ktirio,1-2,illumination,2048,2048,1614,0.7757125154894672,0.8866171003717472,0.9343246592317225,0.9572490706319703,0.9677819083023544,0.9727385377942999,0.9745972738537795,0.9795539033457249,0.9801734820322181,0.9807930607187113
i_ktirio,1-3,illumination,2048,2048,1322,0.5612708018154312,0.7367624810892587,0.829803328290469,0.8661119515885023,0.8895612708018155,0.9009077155824509,0.9077155824508321,0.9122541603630863,0.9145234493192134,0.9152798789712556
i_ktirio,1-4,illumination,2048,2048,1053,0.3637226970560304,0.5147198480531814,0.6239316239316239,0.6752136752136753,0.7027540360873694,0.7217473884140551,0.7378917378917379,0.7492877492877493,0.7540360873694207,0.7597340930674265
i_ktirio,1-5,illumination,2048,2048,1251,0.5139888089528377,0.7194244604316546,0.8089528377298162,0.8465227817745803,0.876898481215028,0.8920863309352518,0.9008792965627498,0.9064748201438849,0.9120703437250199,0.9144684252597922
i_ktirio,1-6,illumination,2048,2048,1044,0.36877394636015326,0.5383141762452107,0.6331417624521073,0.6762452107279694,0.7021072796934866,0.7203065134099617,0.735632183908046,0.7442528735632183,0.7567049808429118,0.7614942528735632
i_kurhaus,1-2,illumination,2048,2048,1631,0.6456161863887185,0.8375229920294298,0.8933169834457388,0.9227467811158798,0.9337829552421827,0.9411404046597179,0.9509503372164316,0.9534028203556101,0.9589209074187615,0.9601471489883507
i_kurhaus,1-3,illumination,2048,2048,1517,0.5458141067897165,0.7798286090969018,0.8497033618984838,0.8991430454845089,0.9116677653263019,0.9182597231377719,0.932762030323006,0.9353988134475939,0.9459459459459459,0.950560316413975
i_kurhaus,1-4,illumination,2048,2048,1458,0.4725651577503429,0.7503429355281207,0.8353909465020576,0.8895747599451304,0.9074074074074074,0.9170096021947873,0.9307270233196159,0.9355281207133059,0.9430727023319616,0.9471879286694102
i_kurhaus,1-5,illumination,2048,2048,1417,0.39731827805222303,0.689484827099506,0.7925194071983063,0.8517995765702188,0.863091037402964,0.8743824982357092,0.8906139731827806,0.8990825688073395,0.9075511644318984,0.9110797459421313
i_kurhaus,1-6,illumination,2048,2048,1355,0.32767527675276753,0.6464944649446495,0.7527675276752768,0.8250922509225093,0.8457564575645756,0.8538745387453874,0.8715867158671586,0.8804428044280442,0.8915129151291513,0.8988929889298893
i_leuven,1-2,illumination,2048,2048,1577,0.47178186429930247,0.7932783766645529,0.8750792644261256,0.9036144578313253,0.9131261889663919,0.9258084971464806,0.9346861128725428,0.9422954977805961,0.9530754597336716,0.958148383005707
i_leuven,1-3,illumination,2048,2048,1549,0.3699160748870239,0.737895416397676,0.868302130406714,0.9109102646868947,0.9315687540348612,0.9418979987088444,0.9496449322143318,0.9548095545513234,0.9619109102646869,0.9644932214331827
i_leuven,1-4,illumination,2048,2048,1488,0.28158602150537637,0.7258064516129032,0.8487903225806451,0.8897849462365591,0.915994623655914,0.9301075268817204,0.9361559139784946,0.9455645161290323,0.9495967741935484,0.9502688172043011
i_leuven,1-5,illumination,2048,2048,1400,0.33285714285714285,0.7407142857142858,0.855,0.9007142857142857,0.9228571428571428,0.9321428571428572,0.9421428571428572,0.9492857142857143,0.9507142857142857,0.9521428571428572
i_leuven,1-6,illumination,2048,2048,1295,0.12432432432432433,0.3467181467181467,0.5027027027027027,0.6123552123552124,0.6656370656370656,0.7135135135135136,0.7498069498069498,0.7930501930501931,0.8254826254826255,0.8455598455598455
i_lionday,1-2,illumination,2048,2048,1094,0.22120658135283364,0.4369287020109689,0.5859232175502742,0.6563071297989032,0.7056672760511883,0.7340036563071298,0.7486288848263254,0.7614259597806216,0.7806215722120659,0.7915904936014625
i_lionday,1-3,illumination,2048,2048,1148,0.3074912891986063,0.5470383275261324,0.6837979094076655,0.7508710801393729,0.7822299651567944,0.8066202090592335,0.818815331010453,0.8353658536585366,0.8466898954703833,0.85801393728223
i_lionday,1-4,illumination,2048,2048,885,0.04519774011299435,0.17175141242937852,0.3152542372881356,0.384180790960452,0.43728813559322033,0.4598870056497175,0.48700564971751414,0.5005649717514125,0.5209039548022599,0.5322033898305085
i_lionday,1-5,illumination,2048,2048,964,0.061203319502074686,0.21265560165975103,0.42012448132780084,0.5269709543568465,0.5881742738589212,0.6379668049792531,0.6680497925311203,0.691908713692946,0.7261410788381742,0.7406639004149378
i_lionday,1-6,illumination,2048,2048,1124,0.17615658362989323,0.40213523131672596,0.603202846975089,0.7064056939501779,0.75355871886121,0.7838078291814946,0.798932384341637,0.8176156583629893,0.8354092526690391,0.8451957295373665
i_lionnight,1-2,illumination,2048,2048,1274,0.31004709576138145,0.6130298273155416,0.7755102040816326,0.8328100470957613,0.868916797488226,0.8854003139717426,0.8979591836734694,0.9034536891679749,0.9113029827315542,0.9136577708006279
i_lionnight,1-3,illumination,2048,2048,1159,0.2079378774805867,0.47368421052631576,0.6764452113891286,0.7730802415875755,0.823123382226057,0.8507333908541846,0.8654012079378774,0.8766177739430544,0.8869715271786023,0.8938740293356342
i_lionnight,1-4,illumination,2048,2048,1342,0.3472429210134128,0.6348733233979136,0.7846497764530551,0.8450074515648286,0.8807749627421758,0.8956780923994039,0.9038748137108793,0.912816691505216,0.9157973174366617,0.9217585692995529
i_lionnight,1-5,illumination,2048,2048,1315,0.2950570342205323,0.5931558935361216,0.785551330798479,0.850190114068441,0.8790874524714829,0.8927756653992396,0.9011406844106464,0.9079847908745247,0.9133079847908745,0.9201520912547528
i_lionnight,1-6,illumination,2048,2048,1369,0.30241051862673485,0.5544192841490139,0.7523739956172388,0.8283418553688824,0.8714390065741418,0.8882395909422937,0.9013878743608473,0.9057706355003652,0.9130752373995618,0.9159970781592404
i_londonbridge,1-2,illumination,2048,2048,1825,0.001095890410958904,0.07397260273972603,0.15178082191780823,0.566027397260274,0.8991780821917809,0.9512328767123288,0.9835616438356164,0.9852054794520548,0.9879452054794521,0.989041095890411
i_londonbridge,1-3,illumination,2048,2048,1701,0.02880658436213992,0.2892416225749559,0.5808348030570253,0.6760728982951205,0.9171075837742504,0.9576719576719577,0.9770723104056437,0.9805996472663139,0.9853027630805409,0.9876543209876543
i_londonbridge,1-4,illumination,2048,2048,1588,0.003778337531486146,0.10894206549118388,0.1952141057934509,0.3721662468513854,0.646095717884131,0.7651133501259446,0.8602015113350125,0.9036523929471033,0.9130982367758187,0.9408060453400504
i_londonbridge,1-5,illumination,2048,2048,1315,0.0038022813688212928,0.024334600760456272,0.050190114068441066,0.09049429657794676,0.20988593155893537,0.34600760456273766,0.6577946768060836,0.7368821292775666,0.7817490494296578,0.8174904942965779
i_londonbridge,1-6,illumination,2048,2048,1573,0.08836617927527018,0.5098537825810553,0.782581055308328,0.8258105530832803,0.9141767323585506,0.9383343928798474,0.9561347743165926,0.965034965034965,0.9682136045772409,0.9732994278448824
i_melon,1-2,illumination,2048,2048,1631,0.4610668301655426,0.841814837522992,0.9037400367872471,0.9282648681790313,0.9405272838749233,0.9521765787860208,0.9583077866339669,0.9632127529123238,0.967504598405886,0.9681177191906806
i_melon,1-3,illumination,2048,2048,1446,0.3118948824343015,0.7531120331950207,0.8575380359612724,0.892807745504841,0.9142461964038727,0.9273858921161826,0.9384508990318119,0.9426002766251729,0.9495159059474412,0.9515905947441217
i_melon,1-4,illumination,2048,2048,1030,0.13300970873786408,0.470873786407767,0.5990291262135923,0.6572815533980583,0.6776699029126214,0.6970873786407767,0.7097087378640776,0.7213592233009709,0.7320388349514563,0.7398058252427184
i_melon,1-5,illumination,2048,2048,1487,0.3201075991930061,0.7457969065232011,0.8345662407531943,0.8688634835238735,0.8876933422999328,0.9058507061197041,0.9166106254203094,0.9253530598520511,0.9314055144586416,0.9361129791526563
i_melon,1-6,illumination,2048,2048,1389,0.29013678905687545,0.6961843052555795,0.7933765298776098,0.8423326133909287,0.8610511159107271,0.8747300215982722,0.8920086393088553,0.9028077753779697,0.9071274298056156,0.9100071994240461
i_miniature,1-2,illumination,2048,2048,1729,0.5228455754771544,0.9057258530942741,0.94679005205321,0.9693464430306535,0.978021978021978,0.9849624060150376,0.9878542510121457,0.9895893580104106,0.9907460960092539,0.9913244650086755
i_miniature,1-3,illumination,2048,2048,1550,0.34258064516129033,0.807741935483871,0.8948387096774194,0.9251612903225807,0.9412903225806452,0.9529032258064516,0.9587096774193549,0.96,0.9619354838709677,0.9632258064516129
i_miniature,1-4,illumination,2048,2048,1215,0.21646090534979423,0.6625514403292181,0.8049382716049382,0.8510288065843621,0.8748971193415638,0.8930041152263375,0.9012345679012346,0.9045267489711935,0.9069958847736626,0.9102880658436214
i_miniature,1-5,illumination,2048,2048,991,0.14934409687184663,0.5126135216952573,0.6740665993945509,0.7255297679112008,0.7618567103935419,0.7769929364278506,0.79313824419778,0.8022199798183652,0.805247225025227,0.8092835519677094
i_miniature,1-6,illumination,2048,2048,1525,0.34950819672131145,0.7757377049180327,0.8701639344262295,0.9121311475409836,0.9331147540983606,0.9462295081967214,0.9554098360655737,0.959344262295082,0.9619672131147541,0.9645901639344262
i_nescafe,1-2,illumination,2048,2048,1481,0.4510465901417961,0.800135043889264,0.8683322079675895,0.9041188386225524,0.9203241053342336,0.9311276164753545,0.9432815665091154,0.950708980418636,0.9520594193112761,0.9547602970965564
i_nescafe,1-3,illumination,2048,2048,1524,0.4573490813648294,0.8090551181102362,0.886482939632546,0.9127296587926509,0.9291338582677166,0.9389763779527559,0.949475065616798,0.9520997375328084,0.9553805774278216,0.9566929133858267
i_nescafe,1-4,illumination,2048,2048,1584,0.5088383838383839,0.8282828282828283,0.8914141414141414,0.9236111111111112,0.9387626262626263,0.9482323232323232,0.9570707070707071,0.961489898989899,0.9652777777777778,0.9678030303030303
i_nescafe,1-5,illumination,2048,2048,1512,0.4166666666666667,0.791005291005291,0.8690476190476191,0.9027777777777778,0.9226190476190477,0.9398148148148148,0.9431216931216931,0.9484126984126984,0.9563492063492064,0.9576719576719577
i_nescafe,1-6,illumination,2048,2048,1424,0.40379213483146065,0.7464887640449438,0.8293539325842697,0.8686797752808989,0.8904494382022472,0.9058988764044944,0.9185393258426966,0.9241573033707865,0.9276685393258427,0.9311797752808989
i_nijmegen,1-2,illumination,2048,2048,1496,0.014037433155080214,0.36163101604278075,0.5394385026737968,0.8141711229946524,0.8462566844919787,0.8689839572192514,0.891042780748663,0.8997326203208557,0.9164438502673797,0.9217914438502673
i_nijmegen,1-3,illumination,2048,2048,1589,0.04908747640025173,0.5066079295154186,0.7023285084959093,0.8363750786658276,0.8584015103838892,0.8753933291378225,0.9005663939584645,0.9125235997482694,0.933291378225299,0.9364380113278792
i_nijmegen,1-4,illumination,2048,2048,1202,0.18136439267886856,0.4600665557404326,0.6064891846921797,0.7088186356073212,0.7312811980033278,0.7562396006655574,0.7828618968386023,0.7878535773710482,0.8011647254575707,0.8086522462562395
i_nijmegen,1-5,illumination,2048,2048,1584,0.06565656565656566,0.5056818181818182,0.6893939393939394,0.8402777777777778,0.8573232323232324,0.875,0.8970959595959596,0.9040404040404041,0.9154040404040404,0.922979797979798
i_nijmegen,1-6,illumination,2048,2048,1524,0.1089238845144357,0.5177165354330708,0.7106299212598425,0.8300524934383202,0.8490813648293963,0.8707349081364829,0.8877952755905512,0.89501312335958,0.9087926509186351,0.9173228346456693
i_nuts,1-2,illumination,2048,2048,1343,0.43633655994043186,0.6105733432613552,0.7006701414743113,0.7498138495904692,0.7877885331347729,0.8108711839166046,0.8235294117647058,0.8361876396128072,0.8510796723752793,0.8555472822040209
i_nuts,1-3,illumination,2048,2048,1137,0.38522427440633245,0.5488126649076517,0.6455584872471416,0.7088830255057168,0.7326297273526825,0.7493403693931399,0.7581354441512753,0.7695690413368513,0.7766051011433597,0.7827616534740546
i_nuts,1-4,illumination,2048,2048,999,0.28928928928928926,0.4444444444444444,0.5445445445445446,0.5865865865865866,0.6216216216216216,0.6416416416416416,0.6536536536536537,0.6656656656656657,0.6776776776776777,0.6846846846846847
i_nuts,1-5,illumination,2048,2048,916,0.2314410480349345,0.35262008733624456,0.4574235807860262,0.5109170305676856,0.5491266375545851,0.5687772925764192,0.5884279475982532,0.5971615720524017,0.611353711790393,0.6157205240174672
i_nuts,1-6,illumination,2048,2048,876,0.18378995433789955,0.273972602739726,0.365296803652968,0.4269406392694064,0.4554794520547945,0.4794520547945205,0.5,0.523972602739726,0.5342465753424658,0.5445205479452054
i_objects,1-2,illumination,2048,2048,1526,0.0655307994757536,0.39580602883355176,0.6159895150720839,0.8138925294888598,0.8486238532110092,0.8905635648754915,0.9134993446920052,0.9220183486238532,0.9423328964613368,0.9488859764089121
i_objects,1-3,illumination,2048,2048,1464,0.06215846994535519,0.41120218579234974,0.6161202185792349,0.7950819672131147,0.8326502732240437,0.880464480874317,0.9009562841530054,0.907103825136612,0.9234972677595629,0.9357923497267759
i_objects,1-4,illumination,2048,2048,1361,0.06465833945628215,0.331373989713446,0.5084496693607642,0.7075679647318148,0.7582659808963997,0.8148420279206466,0.8405584129316679,0.855253490080823,0.8861131520940485,0.9000734753857458
i_objects,1-5,illumination,2048,2048,1319,0.0621683093252464,0.3146322971948446,0.514783927217589,0.6702047005307051,0.7194844579226687,0.7884761182714177,0.8248673237300985,0.8354814253222138,0.8635329795299469,0.8779378316906747
i_objects,1-6,illumination,2048,2048,1660,0.4234939759036145,0.727710843373494,0.841566265060241,0.905421686746988,0.922289156626506,0.9433734939759036,0.95,0.9554216867469879,0.9662650602409638,0.9716867469879518
i_parking,1-2,illumination,2048,2048,1417,0.5596330275229358,0.7346506704304869,0.8235709244883557,0.858151023288638,0.8828510938602682,0.8969654199011997,0.9089625970359916,0.9223712067748765,0.9280169371912491,0.9336626676076217
i_parking,1-3,illumination,2048,2048,1351,0.4944485566247224,0.6824574389341229,0.7934863064396743,0.8490007401924501,0.8808290155440415,0.8956328645447816,0.9104367135455218,0.9259807549962991,0.930421909696521,0.9326424870466321
i_parking,1-4,illumination,2048,2048,1162,0.18158347676419967,0.3838209982788296,0.5817555938037866,0.6600688468158348,0.7185886402753873,0.7426850258175559,0.7633390705679862,0.7814113597246127,0.7934595524956971,0.8089500860585198
i_parking,1-5,illumination,2048,2048,1061,0.14985862393967955,0.3157398680490104,0.4891611687087653,0.5551366635249765,0.6079170593779454,0.6314797360980208,0.648444863336475,0.6720075400565504,0.6870876531573987,0.6955702167766258
i_parking,1-6,illumination,2048,2048,1119,0.26541554959785524,0.48078641644325293,0.6327077747989276,0.6916890080428955,0.7354781054512958,0.7542448614834674,0.7774798927613941,0.7873100983020554,0.8123324396782842,0.8221626452189454
i_partyfood,1-2,illumination,2048,2048,1808,0.6161504424778761,0.9280973451327433,0.9485619469026548,0.9662610619469026,0.9789823008849557,0.9817477876106194,0.9834070796460177,0.9861725663716814,0.9872787610619469,0.9878318584070797
i_partyfood,1-3,illumination,2048,2048,1666,0.45558223289315725,0.8997599039615847,0.9255702280912365,0.9519807923169268,0.9717887154861945,0.9759903961584634,0.9789915966386554,0.9819927971188476,0.9837935174069627,0.9843937575030012
i_partyfood,1-4,illumination,2048,2048,1511,0.32627399073461283,0.8603573792190602,0.8941098610191925,0.9324950363997353,0.9602911978821972,0.9688947716743879,0.9768365320979484,0.9788219722038385,0.9801455989410987,0.9814692256783587
i_partyfood,1-5,illumination,2048,2048,1440,0.2708333333333333,0.8375,0.8756944444444444,0.9263888888888889,0.9569444444444445,0.9645833333333333,0.9666666666666667,0.9715277777777778,0.975,0.9756944444444444
i_partyfood,1-6,illumination,2048,2048,1362,0.25183553597650515,0.7819383259911894,0.8274596182085169,0.8920704845814978,0.9273127753303965,0.9419970631424376,0.9552129221732746,0.9610866372980911,0.9662261380323054,0.9676945668135095
i_pencils,1-2,illumination,2048,2048,1352,0.1871301775147929,0.1871301775147929,0.41642011834319526,0.5436390532544378,0.5924556213017751,0.6878698224852071,0.7285502958579881,0.7625739644970414,0.8121301775147929,0.8365384615384616
i_pencils,1-3,illumination,2048,2048,1095,0.0009132420091324201,0.0009132420091324201,0.0091324200913242,0.02009132420091324,0.0410958904109589,0.0639269406392694,0.1050228310502283,0.14063926940639268,0.23013698630136986,0.35342465753424657
i_pencils,1-4,illumination,2048,2048,1288,0.0015527950310559005,0.0015527950310559005,0.0015527950310559005,0.002329192546583851,0.010869565217391304,0.017080745341614908,0.05357142857142857,0.07996894409937888,0.24922360248447206,0.3703416149068323
i_pencils,1-5,illumination,2048,2048,1125,0.06755555555555555,0.06755555555555555,0.2728888888888889,0.3973333333333333,0.48355555555555557,0.5786666666666667,0.6231111111111111,0.664,0.7084444444444444,0.7342222222222222
i_pencils,1-6,illumination,2048,2048,1173,0.05456095481670929,0.05456095481670929,0.2770673486786019,0.41091219096334186,0.5021312872975278,0.6078431372549019,0.6734867860187553,0.7135549872122762,0.7510656436487638,0.7757885763000852
i_pinard,1-2,illumination,2048,2048,1540,0.35909090909090907,0.7551948051948052,0.8616883116883117,0.9084415584415585,0.9285714285714286,0.9415584415584416,0.951948051948052,0.9590909090909091,0.962987012987013,0.9681818181818181
i_pinard,1-3,illumination,2048,2048,1343,0.29858525688756515,0.680565897244974,0.7862993298585257,0.8294862248696947,0.8585256887565152,0.8749069247952346,0.8897989575577067,0.9032017870439315,0.9084139985107967,0.9143708116157856
i_pinard,1-4,illumination,2048,2048,1359,0.3105224429727741,0.6791758646063282,0.7954378219278881,0.8484179543782193,0.8771155261221486,0.8977189109639441,0.9116997792494481,0.9168506254598969,0.9234731420161884,0.9271523178807947
i_pinard,1-5,illumination,2048,2048,1409,0.3371185237757275,0.7026259758694109,0.8069552874378992,0.8523775727466288,0.8843151171043293,0.9048970901348474,0.9134137686302342,0.9176721078779276,0.9261887863733144,0.9297374024130589
i_pinard,1-6,illumination,2048,2048,1410,0.324113475177305,0.699290780141844,0.8021276595744681,0.8553191489361702,0.8815602836879433,0.8950354609929078,0.9092198581560283,0.9234042553191489,0.9304964539007092,0.9347517730496454
i_pool,1-2,illumination,2048,2048,899,0.08120133481646273,0.2925472747497219,0.389321468298109,0.4460511679644049,0.4671857619577308,0.4849833147942158,0.5083426028921023,0.5194660734149055,0.5261401557285873,0.5361512791991101
i_pool,1-3,illumination,2048,2048,756,0.022486772486772486,0.14682539682539683,0.19576719576719576,0.21957671957671956,0.23941798941798942,0.2447089947089947,0.2698412698412698,0.28174603174603174,0.28835978835978837,0.2976190476190476
i_pool,1-4,illumination,2048,2048,782,0.023017902813299233,0.1483375959079284,0.20843989769820973,0.24040920716112532,0.25831202046035806,0.28005115089514065,0.29923273657289,0.3145780051150895,0.3235294117647059,0.3248081841432225
i_pool,1-5,illumination,2048,2048,868,0.06221198156682028,0.20391705069124424,0.27534562211981567,0.3191244239631336,0.34101382488479265,0.35714285714285715,0.3709677419354839,0.3859447004608295,0.39285714285714285,0.39746543778801846
i_pool,1-6,illumination,2048,2048,856,0.04789719626168224,0.1822429906542056,0.25116822429906543,0.26985981308411217,0.286214953271028,0.3037383177570093,0.33060747663551404,0.33761682242990654,0.3411214953271028,0.34813084112149534
i_porta,1-2,illumination,2048,2048,1106,0.24864376130198915,0.3562386980108499,0.43037974683544306,0.4936708860759494,0.538878842676311,0.5723327305605787,0.6030741410488246,0.6301989150090416,0.6546112115732369,0.6708860759493671
i_porta,1-3,illumination,2048,2048,1111,0.24392439243924394,0.35553555355535554,0.42844284428442847,0.5013501350135013,0.5481548154815482,0.5805580558055805,0.6075607560756076,0.6300630063006301,0.6444644464446445,0.6624662466246625
i_porta,1-4,illumination,2048,2048,1034,0.23984526112185686,0.3733075435203095,0.46034816247582205,0.5174081237911026,0.5541586073500967,0.5831721470019342,0.6083172147001934,0.6305609284332688,0.648936170212766,0.6634429400386848
i_porta,1-5,illumination,2048,2048,953,0.24554039874081846,0.3830010493179433,0.49737670514165794,0.5487932843651626,0.5970619097586569,0.6369359916054564,0.6526757607555089,0.6663168940188877,0.6726128016789087,0.6789087093389297
i_porta,1-6,illumination,2048,2048,824,0.2111650485436893,0.33616504854368934,0.404126213592233,0.44902912621359226,0.49271844660194175,0.5121359223300971,0.529126213592233,0.5485436893203883,0.5570388349514563,0.5643203883495146
i_resort,1-2,illumination,2048,2048,1475,0.43186440677966104,0.855593220338983,0.9111864406779661,0.9213559322033898,0.9342372881355933,0.9444067796610169,0.9498305084745763,0.951864406779661,0.9572881355932203,0.9627118644067797
i_resort,1-3,illumination,2048,2048,1691,0.7202838557066824,0.9603784742755765,0.9716144293317563,0.9727971614429332,0.9775280898876404,0.9798935541099941,0.9816676522767593,0.9834417504435246,0.9852158486102898,0.9858072146658782
i_resort,1-4,illumination,2048,2048,1650,0.6933333333333334,0.9533333333333334,0.9624242424242424,0.9624242424242424,0.9672727272727273,0.9715151515151516,0.9733333333333334,0.973939393939394,0.9763636363636363,0.9781818181818182
i_resort,1-5,illumination,2048,2048,1460,0.31575342465753425,0.8246575342465754,0.8972602739726028,0.9095890410958904,0.9260273972602739,0.934931506849315,0.939041095890411,0.9458904109589041,0.9506849315068493,0.9554794520547946
i_resort,1-6,illumination,2048,2048,1540,0.10714285714285714,0.7577922077922078,0.9233766233766234,0.9331168831168831,0.9415584415584416,0.9525974025974026,0.9558441558441558,0.9584415584415584,0.962987012987013,0.9655844155844155
i_salon,1-2,illumination,2048,2048,1676,0.5930787589498807,0.9063245823389021,0.9415274463007159,0.9492840095465394,0.9582338902147971,0.9665871121718377,0.9755369928400954,0.9785202863961814,0.9809069212410502,0.9809069212410502
i_salon,1-3,illumination,2048,2048,1467,0.42058623040218135,0.8125426039536469,0.8766189502385822,0.8997955010224948,0.9161554192229039,0.9277436946148603,0.9372869802317655,0.9413769597818678,0.9468302658486708,0.9516019086571234
i_salon,1-4,illumination,2048,2048,1276,0.24843260188087773,0.6614420062695925,0.7876175548589341,0.8275862068965517,0.8589341692789969,0.877742946708464,0.890282131661442,0.9004702194357367,0.9067398119122257,0.9106583072100314
i_salon,1-5,illumination,2048,2048,1546,0.4294954721862872,0.815006468305304,0.8816300129366106,0.9165588615782665,0.9327296248382924,0.9398447606727037,0.9521345407503234,0.9566623544631306,0.9598965071151359,0.9650711513583441
i_salon,1-6,illumination,2048,2048,1406,0.30440967283072545,0.7219061166429588,0.8172119487908962,0.8634423897581792,0.8862019914651493,0.895448079658606,0.9096728307254623,0.9167852062588905,0.9246088193456614,0.9295874822190612
i_santuario,1-2,illumination,2048,2048,1438,0.016689847009735744,0.1933240611961057,0.6898470097357441,0.8247566063977747,0.8588317107093185,0.8901251738525731,0.9144645340751043,0.9262865090403338,0.9339360222531293,0.9422809457579973
i_santuario,1-3,illumination,2048,2048,1431,0.011879804332634521,0.13137665967854648,0.5904961565338924,0.8099231306778477,0.8616352201257862,0.8958770090845563,0.9217330538085255,0.9329140461215933,0.9364081062194269,0.9406009783368274
i_santuario,1-4,illumination,2048,2048,1327,0.011303692539562924,0.07611152976639035,0.3918613413715147,0.746043707611153,0.8010550113036925,0.8477769404672193,0.8771665410700829,0.8952524491333835,0.9050489826676714,0.9155990957045969
i_santuario,1-5,illumination,2048,2048,1417,0.1898376852505293,0.6852505292872265,0.8016937191249118,0.8532110091743119,0.8673253352152435,0.8821453775582216,0.9040225829216655,0.9160197600564574,0.9244883556810163,0.9308398023994354
i_santuario,1-6,illumination,2048,2048,1247,0.03368083400160385,0.4290296712109062,0.7249398556535686,0.7971130713712911,0.8195669607056937,0.842822774659182,0.8660785886126704,0.8789093825180433,0.888532477947073,0.8917401764234162
i_school,1-2,illumination,2048,2048,1365,0.5992673992673992,0.7487179487179487,0.843956043956044,0.8783882783882784,0.9003663003663004,0.9106227106227106,0.9164835164835164,0.9223443223443224,0.926007326007326,0.9304029304029304
i_school,1-3,illumination,2048,2048,1371,0.5835156819839533,0.7359591539022611,0.8329686360320934,0.8679795769511306,0.8891320204230488,0.9037199124726477,0.9088256746900073,0.9153902261123268,0.9168490153172867,0.9219547775346463
i_school,1-4,illumination,2048,2048,1164,0.37199312714776633,0.5945017182130584,0.7061855670103093,0.7603092783505154,0.7929553264604811,0.8049828178694158,0.8152920962199313,0.8230240549828178,0.8324742268041238,0.8384879725085911
i_school,1-5,illumination,2048,2048,1223,0.40310711365494684,0.624693376941946,0.7473426001635323,0.7914963205233033,0.8176614881439084,0.8372853638593623,0.8438266557645135,0.848732624693377,0.8593622240392478,0.8642681929681112
i_school,1-6,illumination,2048,2048,961,0.14880332986472425,0.368366285119667,0.5483870967741935,0.5941727367325702,0.6347554630593132,0.6545265348595213,0.6649323621227887,0.6815816857440167,0.6878251821019771,0.6971904266389178
i_ski,1-2,illumination,2048,2048,1674,0.7485065710872163,0.8954599761051374,0.9528076463560334,0.9713261648745519,0.982078853046595,0.985663082437276,0.989247311827957,0.9898446833930705,0.9910394265232975,0.9922341696535245
i_ski,1-3,illumination,2048,2048,1611,0.6480446927374302,0.8472998137802608,0.9112352576039727,0.9404096834264432,0.9590316573556797,0.9714463066418374,0.9776536312849162,0.9819987585350713,0.9851024208566108,0.9863438857852266
i_ski,1-4,illumination,2048,2048,1538,0.5253576072821846,0.788036410923277,0.8849154746423927,0.9200260078023407,0.9440832249674902,0.9616384915474643,0.9726918075422627,0.9791937581274383,0.9811443433029909,0.982444733420026
i_ski,1-5,illumination,2048,2048,1498,0.5080106809078772,0.7543391188251002,0.8664886515353805,0.9172229639519359,0.9365821094793058,0.9526034712950601,0.9639519359145527,0.9706275033377837,0.9712950600801068,0.9739652870493992
i_ski,1-6,illumination,2048,2048,1444,0.471606648199446,0.7181440443213296,0.842797783933518,0.8898891966759003,0.925207756232687,0.9383656509695291,0.9452908587257618,0.9515235457063712,0.9556786703601108,0.9570637119113573
i_smurf,1-2,illumination,2048,2048,1508,0.4535809018567639,0.8647214854111406,0.9104774535809018,0.9230769230769231,0.9323607427055703,0.9370026525198939,0.9429708222811671,0.9502652519893899,0.9568965517241379,0.9608753315649867
i_smurf,1-3,illumination,2048,2048,1486,0.42799461641991926,0.823014804845222,0.892328398384926,0.9172274562584118,0.9293405114401077,0.9387617765814267,0.9401076716016151,0.9441453566621804,0.9475100942126514,0.949528936742934
i_smurf,1-4,illumination,2048,2048,1445,0.4,0.7910034602076125,0.8685121107266436,0.8941176470588236,0.9093425605536333,0.9238754325259516,0.9301038062283737,0.9377162629757786,0.9432525951557094,0.9446366782006921
i_smurf,1-5,illumination,2048,2048,1416,0.365819209039548,0.786723163841808,0.873587570621469,0.8990112994350282,0.9103107344632768,0.9209039548022598,0.9251412429378532,0.9307909604519774,0.9357344632768362,0.9364406779661016
i_smurf,1-6,illumination,2048,2048,1276,0.2782131661442006,0.6057993730407524,0.7241379310344828,0.7766457680250783,0.8064263322884012,0.8283699059561128,0.8362068965517241,0.841692789968652,0.8510971786833855,0.853448275862069
i_steps,1-2,illumination,2048,2048,1612,0.36042183622828783,0.8511166253101737,0.9224565756823822,0.9354838709677419,0.9447890818858561,0.957196029776675,0.9640198511166254,0.9702233250620348,0.9733250620347395,0.9739454094292804
i_steps,1-3,illumination,2048,2048,1610,0.22857142857142856,0.8298136645962733,0.9130434782608695,0.9279503105590062,0.9347826086956522,0.94472049689441,0.9509316770186336,0.9552795031055901,0.9596273291925466,0.9614906832298137
i_steps,1-4,illumination,2048,2048,1605,0.2523364485981308,0.8473520249221184,0.9345794392523364,0.9457943925233645,0.9532710280373832,0.9607476635514018,0.9682242990654205,0.9700934579439252,0.973208722741433,0.9763239875389408
i_steps,1-5,illumination,2048,2048,1358,0.18188512518409425,0.7488954344624448,0.874079528718704,0.9013254786450663,0.9138438880706922,0.9248895434462445,0.9329896907216495,0.9381443298969072,0.938880706921944,0.9396170839469808
i_steps,1-6,illumination,2048,2048,1467,0.1738241308793456,0.798227675528289,0.9045671438309475,0.9195637355146558,0.929107021131561,0.9427402862985685,0.9481935923653715,0.950920245398773,0.9550102249488752,0.9570552147239264
i_table,1-2,illumination,2048,2048,1526,0.0655307994757536,0.39580602883355176,0.6159895150720839,0.8138925294888598,0.8486238532110092,0.8905635648754915,0.9134993446920052,0.9220183486238532,0.9423328964613368,0.9488859764089121
i_table,1-3,illumination,2048,2048,1464,0.06215846994535519,0.41120218579234974,0.6161202185792349,0.7950819672131147,0.8326502732240437,0.880464480874317,0.9009562841530054,0.907103825136612,0.9234972677595629,0.9357923497267759
i_table,1-4,illumination,2048,2048,1361,0.06465833945628215,0.331373989713446,0.5084496693607642,0.7075679647318148,0.7582659808963997,0.8148420279206466,0.8405584129316679,0.855253490080823,0.8861131520940485,0.9000734753857458
i_table,1-5,illumination,2048,2048,1319,0.0621683093252464,0.3146322971948446,0.514783927217589,0.6702047005307051,0.7194844579226687,0.7884761182714177,0.8248673237300985,0.8354814253222138,0.8635329795299469,0.8779378316906747
i_table,1-6,illumination,2048,2048,1660,0.4234939759036145,0.727710843373494,0.841566265060241,0.905421686746988,0.922289156626506,0.9433734939759036,0.95,0.9554216867469879,0.9662650602409638,0.9716867469879518
i_tools,1-2,illumination,2048,2048,877,0.0068415051311288486,0.09692132269099202,0.18814139110604333,0.3694412770809578,0.40935005701254273,0.47434435575826683,0.5142531356898518,0.5279361459521095,0.56442417331813,0.5860889395667047
i_tools,1-3,illumination,2048,2048,1152,0.008680555555555556,0.09027777777777778,0.17100694444444445,0.4800347222222222,0.5642361111111112,0.6666666666666666,0.7170138888888888,0.734375,0.7638888888888888,0.7769097222222222
i_tools,1-4,illumination,2048,2048,958,0.010438413361169102,0.0824634655532359,0.1534446764091858,0.4081419624217119,0.49478079331941544,0.5762004175365344,0.6210855949895616,0.6492693110647182,0.6951983298538622,0.7108559498956158
i_tools,1-5,illumination,2048,2048,1080,0.012037037037037037,0.09722222222222222,0.17037037037037037,0.5342592592592592,0.5962962962962963,0.674074074074074,0.7027777777777777,0.7148148148148148,0.7435185185185185,0.7555555555555555
i_tools,1-6,illumination,2048,2048,871,0.010332950631458095,0.04477611940298507,0.07347876004592423,0.2066590126291619,0.2537313432835821,0.33180252583237657,0.3685419058553387,0.38346727898966704,0.43398392652123996,0.46383467278989665
i_toy,1-2,illumination,2048,2048,1574,0.6130876747141042,0.8036848792884371,0.8894536213468869,0.9250317662007624,0.9491740787801779,0.9669631512071156,0.9752223634053367,0.9815756035578145,0.9828462515883101,0.9853875476493011
i_toy,1-3,illumination,2048,2048,1487,0.5211835911230666,0.7054472091459314,0.8143913920645595,0.8628110289172831,0.8977807666442502,0.9240080699394755,0.9307330195023538,0.9408204438466712,0.9495628782784129,0.9589778076664425
i_toy,1-4,illumination,2048,2048,1325,0.4316981132075472,0.6233962264150943,0.7335849056603774,0.7939622641509434,0.8301886792452831,0.8633962264150944,0.8822641509433963,0.8973584905660378,0.9064150943396226,0.910188679245283
i_toy,1-5,illumination,2048,2048,1145,0.32489082969432315,0.503056768558952,0.6043668122270742,0.6663755458515284,0.7161572052401747,0.748471615720524,0.7668122270742358,0.7860262008733624,0.7982532751091703,0.8069868995633188
i_toy,1-6,illumination,2048,2048,996,0.19979919678714858,0.31626506024096385,0.40963855421686746,0.45582329317269077,0.5060240963855421,0.5291164658634538,0.5461847389558233,0.5672690763052208,0.5863453815261044,0.6044176706827309
i_troulos,1-2,illumination,2048,2048,1259,0.3836378077839555,0.6020651310563939,0.7553613979348689,0.8260524225575854,0.8602065131056394,0.8848292295472597,0.9015091342335186,0.9126290706910246,0.920571882446386,0.9277204130262113
i_troulos,1-3,illumination,2048,2048,1092,0.024725274725274724,0.07142857142857142,0.18223443223443223,0.3782051282051282,0.6117216117216118,0.7051282051282052,0.7490842490842491,0.7683150183150184,0.7957875457875457,0.8067765567765568
i_troulos,1-4,illumination,2048,2048,1577,0.5833861762840837,0.8002536461636017,0.9067850348763475,0.9429296131896006,0.9644895370957515,0.9759036144578314,0.9809765377298668,0.9866835764109068,0.9885859226379201,0.9892200380469245
i_troulos,1-5,illumination,2048,2048,1393,0.30007178750897345,0.5800430725053841,0.7875089734386217,0.8621679827709978,0.9095477386934674,0.9332376166547021,0.9432878679109835,0.955491744436468,0.9583632447954056,0.9619526202440776
i_troulos,1-6,illumination,2048,2048,1276,0.13479623824451412,0.3832288401253918,0.6943573667711599,0.780564263322884,0.841692789968652,0.8659874608150471,0.8785266457680251,0.8863636363636364,0.8942006269592476,0.9012539184952978
i_veggies,1-2,illumination,2048,2048,1706,0.55978898007034,0.9155920281359906,0.9525205158264948,0.9665885111371629,0.9753810082063306,0.9794841735052755,0.9824150058616647,0.984759671746776,0.9865181711606096,0.9865181711606096
i_veggies,1-3,illumination,2048,2048,1440,0.35694444444444445,0.7965277777777777,0.8604166666666667,0.8902777777777777,0.9118055555555555,0.9208333333333333,0.9256944444444445,0.93125,0.9375,0.9423611111111111
i_veggies,1-4,illumination,2048,2048,1549,0.4002582311168496,0.8373143963847643,0.9128469980632666,0.9380245319561007,0.9502905100064558,0.9593285990961911,0.9638476436410588,0.9703034215622982,0.972885732730794,0.9761136216914138
i_veggies,1-5,illumination,2048,2048,1239,0.22760290556900725,0.6384180790960452,0.7522195318805488,0.801452784503632,0.8240516545601292,0.8337368845843423,0.8466505246166263,0.8531073446327684,0.8563357546408394,0.8603712671509282
i_veggies,1-6,illumination,2048,2048,1190,0.22016806722689075,0.592436974789916,0.6907563025210084,0.7369747899159664,0.7663865546218488,0.7747899159663866,0.7815126050420168,0.7873949579831933,0.7941176470588235,0.7983193277310925
i_village,1-2,illumination,2048,2048,1403,0.5609408410548824,0.7605131860299359,0.8488952245188881,0.9059158945117605,0.9372772630078403,0.9451176051318603,0.9458303635067712,0.9508196721311475,0.9515324305060584,0.9529579472558802
i_village,1-3,illumination,2048,2048,1401,0.516773733047823,0.715203426124197,0.8172733761598858,0.8865096359743041,0.9193433261955746,0.9336188436830836,0.9443254817987152,0.9486081370449678,0.9507494646680942,0.9521770164168452
i_village,1-4,illumination,2048,2048,1382,0.5441389290882779,0.715629522431259,0.8248914616497829,0.8784370477568741,0.9175108538350217,0.9341534008683068,0.9399421128798843,0.9457308248914617,0.9486251808972503,0.9529667149059334
i_village,1-5,illumination,2048,2048,1610,0.753416149068323,0.8813664596273292,0.929192546583851,0.9503105590062112,0.9677018633540373,0.9745341614906833,0.9782608695652174,0.9801242236024845,0.9813664596273292,0.9832298136645963
i_village,1-6,illumination,2048,2048,1350,0.4837037037037037,0.682962962962963,0.7866666666666666,0.8422222222222222,0.8888888888888888,0.9088888888888889,0.92,0.9244444444444444,0.9325925925925926,0.9340740740740741
i_whitebuilding,1-2,illumination,2048,2048,1797,0.758486366165832,0.758486366165832,0.9293266555370061,0.9616026711185309,0.9616026711185309,0.9705063995548135,0.9705063995548135,0.9732888146911519,0.9755147468002225,0.9771841958820257
i_whitebuilding,1-3,illumination,2048,2048,1729,0.6749566223250434,0.6749566223250434,0.8958935801041065,0.9433198380566802,0.9433198380566802,0.9658762290341237,0.9658762290341237,0.9710815500289185,0.973395026026605,0.9751301330248698
i_whitebuilding,1-4,illumination,2048,2048,1609,0.550652579241765,0.550652579241765,0.8247358607830951,0.9011808576755749,0.9011808576755749,0.9453076444996893,0.9453076444996893,0.9509011808576756,0.9602237414543194,0.9645742697327533
i_whitebuilding,1-5,illumination,2048,2048,1668,0.511990407673861,0.511990407673861,0.7937649880095923,0.8878896882494005,0.8878896882494005,0.935251798561151,0.935251798561151,0.947841726618705,0.9538369304556354,0.9574340527577938
i_whitebuilding,1-6,illumination,2048,2048,1629,0.4868017188459177,0.4868017188459177,0.7722529158993248,0.8710865561694291,0.8710865561694291,0.9281767955801105,0.9281767955801105,0.941682013505218,0.9521178637200737,0.9551872314303254
i_yellowtent,1-2,illumination,2048,2048,1726,0.5596755504055619,0.9090382387022016,0.9472769409038239,0.9629200463499421,0.97045191193511,0.9768250289687138,0.9797219003476245,0.9803012746234068,0.9831981460023175,0.9831981460023175
i_yellowtent,1-3,illumination,2048,2048,1559,0.3957665169980757,0.8184733803720333,0.8800513149454778,0.9153303399615138,0.9294419499679282,0.9377806286080821,0.9441949967928159,0.9486850545221296,0.9499679281590764,0.9512508017960231
i_yellowtent,1-4,illumination,2048,2048,1327,0.27354935945742276,0.7136397889977393,0.8168801808590807,0.8605877920120573,0.8756593820648079,0.8892238131122834,0.9035418236623964,0.9095704596834966,0.9178598342125094,0.9193669932177845
i_yellowtent,1-5,illumination,2048,2048,1412,0.3052407932011331,0.6954674220963173,0.8087818696883853,0.8647308781869688,0.8923512747875354,0.9114730878186968,0.9206798866855525,0.9256373937677054,0.9313031161473088,0.9348441926345609
i_yellowtent,1-6,illumination,2048,2048,1270,0.2173228346456693,0.6236220472440945,0.7629921259842519,0.841732283464567,0.868503937007874,0.8881889763779528,0.9023622047244094,0.9062992125984252,0.9149606299212598,0.9165354330708662
i_zion,1-2,illumination,2048,2048,1588,0.4263224181360202,0.8746851385390428,0.924433249370277,0.9338790931989924,0.9458438287153652,0.9559193954659949,0.9609571788413098,0.9628463476070529,0.9672544080604534,0.9704030226700252
i_zion,1-3,illumination,2048,2048,1345,0.1970260223048327,0.6899628252788104,0.7992565055762082,0.8200743494423792,0.862453531598513,0.8847583643122676,0.8981412639405204,0.9026022304832714,0.9115241635687732,0.9144981412639405
i_zion,1-4,illumination,2048,2048,1259,0.16600476568705322,0.607625099285147,0.749801429706116,0.7728355837966641,0.8133439237490071,0.8300238284352661,0.840349483717236,0.8451151707704527,0.8498808578236696,0.8570293884034949
i_zion,1-5,illumination,2048,2048,1087,0.12695492180312787,0.47378104875804966,0.6274149034038639,0.6586936522539099,0.6890524379024839,0.7166513339466422,0.7295308187672493,0.7405703771849126,0.7442502299908004,0.7460901563937442
i_zion,1-6,illumination,2048,2048,1086,0.13167587476979742,0.5027624309392266,0.6289134438305709,0.6583793738489871,0.6961325966850829,0.7265193370165746,0.7495395948434622,0.7587476979742173,0.7633517495395948,0.7651933701657458
v_abstract,1-2,viewpoint,2048,2048,1469,0.3648740639891082,0.7556160653505786,0.8822328114363512,0.9074200136147039,0.921715452688904,0.9264805990469708,0.9292035398230089,0.9305650102110279,0.9332879509870661,0.9346494213750851
v_abstract,1-3,viewpoint,2048,2048,1396,0.3194842406876791,0.6747851002865329,0.8467048710601719,0.8968481375358166,0.9061604584527221,0.9154727793696275,0.919054441260745,0.9226361031518625,0.9247851002865329,0.9297994269340975
v_abstract,1-4,viewpoint,2048,2048,1073,0.13327120223671948,0.39701770736253494,0.6011183597390494,0.7027027027027027,0.7651444547996272,0.7884436160298229,0.7977632805219013,0.8033550792171482,0.8108108108108109,0.8145386766076421
v_abstract,1-5,viewpoint,2048,2048,1242,0.1996779388083736,0.5483091787439613,0.7415458937198067,0.8059581320450886,0.8333333333333334,0.8518518518518519,0.8582930756843801,0.8631239935587761,0.8671497584541062,0.8695652173913043
v_abstract,1-6,viewpoint,2048,2048,1047,0.11079274116523401,0.3457497612225406,0.5157593123209169,0.6246418338108882,0.6790830945558739,0.7020057306590258,0.7220630372492837,0.731614135625597,0.7392550143266475,0.7468958930276982
v_adam,1-2,viewpoint,2048,2048,1427,0.4470918009810792,0.8500350385423966,0.9348283111422565,0.9530483531885073,0.9607568325157674,0.964260686755431,0.9670637701471618,0.9677645409950946,0.9705676243868255,0.9719691660826909
v_adam,1-3,viewpoint,2048,2048,1389,0.3988480921526278,0.7948164146868251,0.9272858171346292,0.9510439164866811,0.9625629949604032,0.9676025917926566,0.9690424766018718,0.9690424766018718,0.9690424766018718,0.9690424766018718
v_adam,1-4,viewpoint,2048,2048,962,0.18711018711018712,0.5155925155925156,0.7276507276507277,0.7692307692307693,0.7900207900207901,0.7993762993762994,0.8045738045738046,0.8076923076923077,0.8097713097713097,0.8128898128898129
v_adam,1-5,viewpoint,2048,2048,1172,0.302901023890785,0.7295221843003413,0.863481228668942,0.9010238907849829,0.9121160409556314,0.9189419795221843,0.9249146757679181,0.9266211604095563,0.9283276450511946,0.9291808873720137
v_adam,1-6,viewpoint,2048,2048,1253,0.3120510774142059,0.6927374301675978,0.8627294493216281,0.9114126097366321,0.9249800478850758,0.931364724660814,0.931364724660814,0.9321628092577813,0.9329608938547486,0.9329608938547486
v_apprentices,1-2,viewpoint,2048,2048,1726,0.5046349942062572,0.9096176129779838,0.9675550405561993,0.9762456546929317,0.9808806488991889,0.9837775202780996,0.9855156431054461,0.9860950173812283,0.9872537659327926,0.9889918887601391
v_apprentices,1-3,viewpoint,2048,2048,1544,0.3393782383419689,0.758419689119171,0.9112694300518135,0.9488341968911918,0.9604922279792746,0.969559585492228,0.9721502590673575,0.9734455958549223,0.9766839378238342,0.977979274611399
v_apprentices,1-4,viewpoint,2048,2048,1422,0.25949367088607594,0.6476793248945147,0.8473980309423348,0.9184247538677919,0.9338959212376934,0.9458509142053446,0.9521800281293952,0.9563994374120957,0.9571026722925458,0.9578059071729957
v_apprentices,1-5,viewpoint,2048,2048,1271,0.20613690007867821,0.5774980330448466,0.7946498819826908,0.8693941778127459,0.9071597167584579,0.923682140047207,0.9291896144767899,0.9370574350904799,0.940991345397325,0.9425649095200629
v_apprentices,1-6,viewpoint,2048,2048,1112,0.24100719424460432,0.5611510791366906,0.7086330935251799,0.7922661870503597,0.8246402877697842,0.8480215827338129,0.8633093525179856,0.8803956834532374,0.8893884892086331,0.8974820143884892
v_artisans,1-2,viewpoint,2048,2048,1203,0.5004156275976724,0.8437240232751455,0.9035743973399833,0.9177057356608479,0.9235245220282626,0.9260182876142976,0.9301745635910225,0.9343308395677473,0.9368246051537822,0.9376558603491272
v_artisans,1-3,viewpoint,2048,2048,1096,0.3740875912408759,0.7107664233576643,0.8111313868613139,0.8503649635036497,0.8667883211678832,0.8722627737226277,0.8759124087591241,0.8813868613138686,0.8832116788321168,0.8841240875912408
v_artisans,1-4,viewpoint,2048,2048,1203,0.35993349958437243,0.7115544472152951,0.830423940149626,0.8753117206982544,0.8944305901911886,0.9044056525353283,0.9060681629260183,0.9093931837073982,0.9118869492934331,0.913549459684123
v_artisans,1-5,viewpoint,2048,2048,836,0.06698564593301436,0.21052631578947367,0.29904306220095694,0.35406698564593303,0.38995215311004783,0.4126794258373206,0.43779904306220097,0.44258373205741625,0.4557416267942584,0.46172248803827753
v_artisans,1-6,viewpoint,2048,2048,1236,0.5760517799352751,0.8883495145631068,0.9223300970873787,0.9296116504854369,0.9336569579288025,0.9344660194174758,0.9344660194174758,0.9344660194174758,0.9352750809061489,0.9352750809061489
v_astronautis,1-2,viewpoint,2048,2048,1301,0.14757878554957723,0.4189085318985396,0.633358954650269,0.7717140661029976,0.8262874711760184,0.865488086087625,0.8923904688700999,0.9077632590315142,0.9146810146041506,0.9200614911606456
v_astronautis,1-3,viewpoint,2048,2048,1111,0.0666066606660666,0.2664266426642664,0.43924392439243926,0.5760576057605761,0.6579657965796579,0.7011701170117012,0.738973897389739,0.7623762376237624,0.7794779477947795,0.7929792979297929
v_astronautis,1-4,viewpoint,2048,2048,1246,0.11476725521669343,0.3563402889245586,0.5778491171749599,0.7070626003210273,0.7849117174959872,0.8218298555377207,0.8459069020866774,0.8675762439807384,0.877207062600321,0.8884430176565008
v_astronautis,1-5,viewpoint,2048,2048,1017,0.0776794493608653,0.24188790560471976,0.41297935103244837,0.5339233038348082,0.6086529006882989,0.6676499508357916,0.696165191740413,0.7197640117994101,0.744346116027532,0.7551622418879056
v_astronautis,1-6,viewpoint,2048,2048,1386,0.15367965367965367,0.44805194805194803,0.6976911976911977,0.8138528138528138,0.8715728715728716,0.9054834054834054,0.9271284271284271,0.9408369408369408,0.9523809523809523,0.9581529581529582
v_azzola,1-2,viewpoint,2048,2048,1386,0.23376623376623376,0.538961038961039,0.7193362193362194,0.8210678210678211,0.8809523809523809,0.9191919191919192,0.9343434343434344,0.9444444444444444,0.9473304473304474,0.9494949494949495
v_azzola,1-3,viewpoint,2048,2048,1295,0.12123552123552124,0.34054054054054056,0.5127413127413127,0.6362934362934363,0.728957528957529,0.7799227799227799,0.8123552123552124,0.8347490347490347,0.8586872586872587,0.8818532818532818
v_azzola,1-4,viewpoint,2048,2048,1462,0.3378932968536252,0.6956224350205198,0.8508891928864569,0.9069767441860465,0.9357045143638851,0.9473324213406292,0.9514363885088919,0.9548563611491108,0.9562243502051984,0.957592339261286
v_azzola,1-5,viewpoint,2048,2048,1245,0.1140562248995984,0.3357429718875502,0.5204819277108433,0.6409638554216868,0.7228915662650602,0.7839357429718875,0.8281124497991967,0.8554216867469879,0.8674698795180723,0.8811244979919679
v_azzola,1-6,viewpoint,2048,2048,957,0.06687565308254964,0.19540229885057472,0.32497387669801464,0.40856844305120166,0.48589341692789967,0.5496342737722049,0.5914315569487983,0.6206896551724138,0.6426332288401254,0.6509926854754441
v_bark,1-2,viewpoint,2048,2048,809,0.04697156983930779,0.10506798516687268,0.13102595797280595,0.1446229913473424,0.1508034610630408,0.15451174289245984,0.1619283065512979,0.1681087762669963,0.17552533992583436,0.17676143386897405
v_bark,1-3,viewpoint,2048,2048,757,0.0,0.0,0.0,0.0,0.0,0.0,0.0,0.0,0.0,0.0
v_bark,1-4,viewpoint,2048,2048,740,0.0,0.0,0.0,0.0,0.0,0.0,0.0,0.0,0.0013513513513513514,0.002702702702702703
v_bark,1-5,viewpoint,2048,2048,776,0.011597938144329897,0.02190721649484536,0.027061855670103094,0.030927835051546393,0.03221649484536082,0.03350515463917526,0.03479381443298969,0.03608247422680412,0.03608247422680412,0.037371134020618556
v_bark,1-6,viewpoint,2048,2048,781,0.0,0.0,0.0,0.0,0.0,0.0,0.0,0.0,0.0,0.0
v_bees,1-2,viewpoint,2048,2048,1484,0.4009433962264151,0.7884097035040432,0.9056603773584906,0.9373315363881402,0.9481132075471698,0.954177897574124,0.9568733153638814,0.9588948787061995,0.9602425876010782,0.9622641509433962
v_bees,1-3,viewpoint,2048,2048,1571,0.38064926798217696,0.8115849777211966,0.9153405474220242,0.9388924252068745,0.9484404837683005,0.9548058561425843,0.9579885423297263,0.9586250795671547,0.9605346912794398,0.9618077657542966
v_bees,1-4,viewpoint,2048,2048,1475,0.3383050847457627,0.752542372881356,0.8827118644067796,0.9274576271186441,0.9477966101694916,0.9545762711864407,0.9586440677966102,0.9640677966101695,0.9667796610169491,0.9667796610169491
v_bees,1-5,viewpoint,2048,2048,1191,0.21578505457598657,0.5180520570948782,0.7153652392947103,0.801007556675063,0.8371116708648195,0.853904282115869,0.8656591099916037,0.869857262804366,0.8849706129303107,0.889168765743073
v_bees,1-6,viewpoint,2048,2048,1320,0.22121212121212122,0.5606060606060606,0.740909090909091,0.821969696969697,0.8568181818181818,0.8825757575757576,0.8984848484848484,0.9045454545454545,0.9151515151515152,0.9204545454545454
v_beyus,1-2,viewpoint,2048,2048,972,0.1779835390946502,0.5113168724279835,0.6563786008230452,0.727366255144033,0.7561728395061729,0.7674897119341564,0.7777777777777778,0.7839506172839507,0.7870370370370371,0.7890946502057613
v_beyus,1-3,viewpoint,2048,2048,899,0.0967741935483871,0.25917686318131256,0.3759733036707453,0.48164627363737483,0.5272525027808677,0.5561735261401557,0.5706340378197998,0.5862068965517241,0.5895439377085651,0.5995550611790879
v_beyus,1-4,viewpoint,2048,2048,1146,0.2862129144851658,0.6422338568935427,0.774869109947644,0.8298429319371727,0.8647469458987783,0.8743455497382199,0.8865619546247818,0.8926701570680629,0.893542757417103,0.8961605584642234
v_beyus,1-5,viewpoint,2048,2048,862,0.12180974477958237,0.3248259860788863,0.4651972157772622,0.537122969837587,0.5696055684454756,0.5870069605568445,0.6044083526682135,0.6148491879350348,0.6194895591647331,0.6357308584686775
v_beyus,1-6,viewpoint,2048,2048,1061,0.1536286522148916,0.44769085768143263,0.6380772855796418,0.7323279924599434,0.764373232799246,0.7851083883129123,0.8039585296889726,0.8152686145146089,0.827521206409048,0.8350612629594723
v_bip,1-2,viewpoint,2048,2048,1118,0.5652951699463328,0.8336314847942755,0.8711985688729875,0.8774597495527728,0.8837209302325582,0.8864042933810375,0.889087656529517,0.8917710196779964,0.8917710196779964,0.8926654740608229
v_bip,1-3,viewpoint,2048,2048,1017,0.5191740412979351,0.7885939036381514,0.8259587020648967,0.8367748279252704,0.839724680432645,0.8456243854473943,0.8475909537856441,0.8475909537856441,0.8485742379547689,0.8495575221238938
v_bip,1-4,viewpoint,2048,2048,1066,0.5450281425891182,0.8123827392120075,0.8611632270168855,0.8799249530956847,0.8874296435272045,0.8883677298311444,0.8902439024390244,0.8921200750469043,0.8921200750469043,0.8930581613508443
v_bip,1-5,viewpoint,2048,2048,736,0.2513586956521739,0.4375,0.5054347826086957,0.5217391304347826,0.529891304347826,0.5353260869565217,0.5394021739130435,0.5421195652173914,0.5421195652173914,0.5421195652173914
v_bip,1-6,viewpoint,2048,2048,669,0.10463378176382661,0.21823617339312407,0.25112107623318386,0.2585949177877429,0.26307922272047835,0.26905829596412556,0.273542600896861,0.2750373692077728,0.2750373692077728,0.2750373692077728
v_bird,1-2,viewpoint,2048,2048,936,0.35149572649572647,0.6965811965811965,0.8205128205128205,0.8568376068376068,0.8728632478632479,0.8771367521367521,0.8792735042735043,0.8803418803418803,0.8814102564102564,0.8824786324786325
v_bird,1-3,viewpoint,2048,2048,877,0.24857468643101482,0.5575826681870011,0.7126567844925884,0.7696693272519954,0.7993158494868872,0.8107183580387686,0.814139110604333,0.8164196123147093,0.8232611174458381,0.8255416191562144
v_bird,1-4,viewpoint,2048,2048,923,0.24268689057421453,0.5731310942578548,0.742145178764897,0.8212351029252438,0.8450704225352113,0.8559046587215602,0.8602383531960996,0.8602383531960996,0.8613217768147345,0.8624052004333694
v_bird,1-5,viewpoint,2048,2048,937,0.12273212379935966,0.37886872998932764,0.5645677694770544,0.6702241195304163,0.7331910352187834,0.7630736392742796,0.7886872998932765,0.8068303094983992,0.8228388473852721,0.8303094983991463
v_bird,1-6,viewpoint,2048,2048,692,0.07514450867052024,0.20953757225433525,0.29335260115606937,0.35260115606936415,0.3872832369942196,0.42485549132947975,0.4479768786127168,0.45809248554913296,0.4624277456647399,0.47109826589595377
v_birdwoman,1-2,viewpoint,2048,2048,679,0.1561119293078056,0.31516936671575846,0.36671575846833576,0.38438880706921946,0.3917525773195876,0.4005891016200295,0.4182621502209131,0.42857142857142855,0.42857142857142855,0.43151693667157587
v_birdwoman,1-3,viewpoint,2048,2048,699,0.2675250357653791,0.5078683834048641,0.6008583690987125,0.648068669527897,0.670958512160229,0.6909871244635193,0.6995708154506438,0.7067238912732475,0.721030042918455,0.7253218884120172
v_birdwoman,1-4,viewpoint,2048,2048,930,0.45698924731182794,0.7354838709677419,0.8064516129032258,0.8258064516129032,0.8365591397849462,0.8397849462365592,0.8440860215053764,0.8473118279569892,0.8559139784946237,0.8623655913978494
v_birdwoman,1-5,viewpoint,2048,2048,1335,0.5932584269662922,0.8966292134831461,0.9415730337078652,0.946067415730337,0.952808988764045,0.9573033707865168,0.9573033707865168,0.9588014981273408,0.9602996254681648,0.9632958801498127
v_birdwoman,1-6,viewpoint,2048,2048,1017,0.42674532940019666,0.7571288102261554,0.8525073746312685,0.8751229105211407,0.8820058997050148,0.8859390363815143,0.8859390363815143,0.8928220255653884,0.9036381514257621,0.9075712881022615
v_blueprint,1-2,viewpoint,2048,2048,1337,0.37845923709798057,0.7801047120418848,0.900523560209424,0.9319371727748691,0.93717277486911,0.9394166043380703,0.9424083769633508,0.9461480927449514,0.9476439790575916,0.949887808526552
v_blueprint,1-3,viewpoint,2048,2048,1257,0.22275258552108193,0.5513126491646778,0.7494033412887828,0.837708830548926,0.8846459824980112,0.8973747016706444,0.9013524264120922,0.9053301511535402,0.9077167859984089,0.9101034208432777
v_blueprint,1-4,viewpoint,2048,2048,1255,0.3856573705179283,0.7553784860557768,0.8653386454183267,0.8924302788844621,0.90199203187251,0.9059760956175299,0.9067729083665339,0.9115537848605577,0.9139442231075697,0.9147410358565737
v_blueprint,1-5,viewpoint,2048,2048,1124,0.2411032028469751,0.5782918149466192,0.7304270462633452,0.7998220640569395,0.8176156583629893,0.8282918149466192,0.8318505338078291,0.8345195729537367,0.8407473309608541,0.8407473309608541
v_blueprint,1-6,viewpoint,2048,2048,991,0.12613521695257315,0.3854692230070636,0.5348133198789102,0.5953582240161454,0.6246215943491423,0.6377396569122099,0.6437941473259334,0.6488395560040363,0.6559031281533805,0.6589303733602422
v_boat,1-2,viewpoint,2048,2048,1345,0.3992565055762082,0.7211895910780669,0.8252788104089219,0.8706319702602231,0.8892193308550186,0.9063197026022305,0.9144981412639405,0.9234200743494424,0.9278810408921933,0.9330855018587361
v_boat,1-3,viewpoint,2048,2048,816,0.02696078431372549,0.06862745098039216,0.09313725490196079,0.11029411764705882,0.11397058823529412,0.1213235294117647,0.12622549019607843,0.1323529411764706,0.13725490196078433,0.14338235294117646
v_boat,1-4,viewpoint,2048,2048,760,0.0,0.0,0.0,0.0,0.0,0.0,0.0,0.0,0.002631578947368421,0.002631578947368421
v_boat,1-5,viewpoint,2048,2048,796,0.0,0.0,0.0,0.0,0.0,0.0,0.0,0.0,0.0,0.0
v_boat,1-6,viewpoint,2048,2048,822,0.10462287104622871,0.24817518248175183,0.33211678832116787,0.3746958637469586,0.39172749391727496,0.40632603406326034,0.41119221411192214,0.41362530413625304,0.41849148418491483,0.4209245742092457
v_bricks,1-2,viewpoint,2048,2048,1456,0.7644230769230769,0.9416208791208791,0.945054945054945,0.9478021978021978,0.948489010989011,0.9512362637362637,0.9526098901098901,0.9532967032967034,0.9539835164835165,0.9539835164835165
v_bricks,1-3,viewpoint,2048,2048,1394,0.6757532281205165,0.9253945480631277,0.9354375896700143,0.9375896700143472,0.9390243902439024,0.9426111908177905,0.9440459110473458,0.9461979913916786,0.9461979913916786,0.9469153515064562
v_bricks,1-4,viewpoint,2048,2048,1218,0.5320197044334976,0.8489326765188834,0.8850574712643678,0.8916256157635468,0.896551724137931,0.8981937602627258,0.90311986863711,0.9047619047619048,0.9047619047619048,0.9047619047619048
v_bricks,1-5,viewpoint,2048,2048,1111,0.4383438343834383,0.7614761476147615,0.8316831683168316,0.8550855085508551,0.8595859585958596,0.8640864086408641,0.8667866786678667,0.8676867686768677,0.8685868586858686,0.8685868586858686
v_bricks,1-6,viewpoint,2048,2048,901,0.2286348501664817,0.5083240843507214,0.6170921198668147,0.6470588235294118,0.655937846836848,0.6614872364039955,0.6670366259711432,0.6714761376248612,0.6714761376248612,0.6714761376248612
v_busstop,1-2,viewpoint,2048,2048,1384,0.28829479768786126,0.6914739884393064,0.8439306358381503,0.8916184971098265,0.9067919075144508,0.9104046242774566,0.9147398843930635,0.9176300578034682,0.9197976878612717,0.9241329479768786
v_busstop,1-3,viewpoint,2048,2048,1169,0.20530367835757057,0.5346449957228401,0.7219846022241232,0.8109495295124037,0.8383233532934131,0.8468776732249786,0.8597091531223268,0.8682634730538922,0.8725406330196749,0.8751069289991446
v_busstop,1-4,viewpoint,2048,2048,1200,0.1925,0.5058333333333334,0.73,0.8266666666666667,0.8641666666666666,0.8766666666666667,0.8808333333333334,0.8841666666666667,0.885,0.8858333333333334
v_busstop,1-5,viewpoint,2048,2048,1184,0.25844594594594594,0.6199324324324325,0.8074324324324325,0.8614864864864865,0.870777027027027,0.8766891891891891,0.879222972972973,0.8809121621621622,0.8826013513513513,0.8826013513513513
v_busstop,1-6,viewpoint,2048,2048,1348,0.33160237388724034,0.7455489614243324,0.8909495548961425,0.9265578635014837,0.9347181008902077,0.9376854599406528,0.9391691394658753,0.9399109792284867,0.9421364985163204,0.9421364985163204
v_calder,1-2,viewpoint,2048,2048,1197,0.3583959899749373,0.720969089390142,0.835421888053467,0.8721804511278195,0.8863826232247285,0.8880534670008354,0.8930659983291562,0.898078529657477,0.898078529657477,0.899749373433584
v_calder,1-3,viewpoint,2048,2048,1350,0.43925925925925924,0.8081481481481482,0.8822222222222222,0.9022222222222223,0.9118518518518518,0.9177777777777778,0.9222222222222223,0.9274074074074075,0.9318518518518518,0.9348148148148148
v_calder,1-4,viewpoint,2048,2048,1030,0.20970873786407768,0.4961165048543689,0.6572815533980583,0.7145631067961165,0.7398058252427184,0.7514563106796116,0.7553398058252427,0.7592233009708738,0.7650485436893204,0.7660194174757281
v_calder,1-5,viewpoint,2048,2048,955,0.20628272251308902,0.4481675392670157,0.562303664921466,0.618848167539267,0.6366492146596858,0.650261780104712,0.6534031413612565,0.6575916230366492,0.6607329842931937,0.6649214659685864
v_calder,1-6,viewpoint,2048,2048,873,0.10538373424971363,0.24971363115693013,0.32531500572737687,0.3539518900343643,0.36884306987399773,0.38144329896907214,0.38831615120274915,0.3940435280641466,0.3963344788087056,0.39862542955326463
v_cartooncity,1-2,viewpoint,2048,2048,1643,0.6908094948265369,0.960438222763238,0.9744370054777846,0.9750456482045039,0.9774802191113816,0.9793061472915399,0.9817407181984176,0.9835666463785758,0.9841752891052952,0.9841752891052952
v_cartooncity,1-3,viewpoint,2048,2048,1214,0.36655683690280066,0.7158154859967051,0.8410214168039539,0.8756177924217463,0.8871499176276771,0.8912685337726524,0.8962108731466227,0.8970345963756178,0.8986820428336079,0.899505766062603
v_cartooncity,1-4,viewpoint,2048,2048,1520,0.6092105263157894,0.9144736842105263,0.9506578947368421,0.9598684210526316,0.9638157894736842,0.968421052631579,0.969078947368421,0.9703947368421053,0.9710526315789474,0.9723684210526315
v_cartooncity,1-5,viewpoint,2048,2048,1110,0.22792792792792793,0.5576576576576576,0.7207207207207207,0.790990990990991,0.827027027027027,0.8396396396396396,0.8468468468468469,0.8477477477477477,0.8477477477477477,0.8504504504504504
v_cartooncity,1-6,viewpoint,2048,2048,1182,0.3392554991539763,0.6920473773265652,0.8138747884940778,0.8468697123519459,0.8544839255499154,0.8612521150592216,0.8637901861252115,0.8671742808798646,0.8697123519458545,0.8697123519458545
v_charing,1-2,viewpoint,2048,2048,1173,0.13554987212276215,0.39045183290707586,0.5839727195225917,0.7016197783461211,0.7587382779198636,0.7902813299232737,0.8167092924126172,0.8286445012787724,0.8380221653878943,0.8473998294970162
v_charing,1-3,viewpoint,2048,2048,869,0.05178365937859609,0.18642117376294592,0.32105868814729577,0.43958573072497126,0.5281933256616801,0.5914844649021864,0.6260069044879172,0.6559263521288837,0.6939010356731876,0.7123130034522439
v_charing,1-4,viewpoint,2048,2048,1036,0.10810810810810811,0.30984555984555984,0.4942084942084942,0.6187258687258688,0.6901544401544402,0.7422779922779923,0.7644787644787645,0.7895752895752896,0.7992277992277992,0.8088803088803089
v_charing,1-5,viewpoint,2048,2048,919,0.07399347116430903,0.2687704026115343,0.4766050054406964,0.588683351468988,0.6953210010881393,0.7486398258977149,0.7856365614798694,0.8150163220892275,0.8411316648531012,0.8520130576713819
v_charing,1-6,viewpoint,2048,2048,911,0.07244785949506037,0.2349066959385291,0.4138309549945115,0.5740944017563118,0.6553238199780461,0.7321624588364435,0.7683863885839737,0.8057080131723381,0.8243688254665203,0.8364434687156971
v_churchill,1-2,viewpoint,2048,2048,1273,0.25765907305577374,0.6394344069128044,0.8036135113904164,0.8586017282010998,0.8908091123330715,0.9025923016496465,0.9112333071484682,0.9143754909662215,0.9175176747839748,0.9183032207384132
v_churchill,1-3,viewpoint,2048,2048,1151,0.19808861859252824,0.5030408340573415,0.6646394439617723,0.7593397046046916,0.7932232841007819,0.8132059079061685,0.8236316246741964,0.8357949609035621,0.843614248479583,0.8479582971329279
v_churchill,1-4,viewpoint,2048,2048,1212,0.20874587458745875,0.5313531353135313,0.726897689768977,0.7970297029702971,0.83003300330033,0.8432343234323433,0.8547854785478548,0.8622112211221122,0.8671617161716172,0.8745874587458746
v_churchill,1-5,viewpoint,2048,2048,1544,0.5595854922279793,0.8924870466321243,0.9514248704663213,0.9604922279792746,0.9643782383419689,0.969559585492228,0.9715025906735751,0.9747409326424871,0.9766839378238342,0.977979274611399
v_churchill,1-6,viewpoint,2048,2048,1011,0.1394658753709199,0.3897131552917903,0.5756676557863502,0.6478733926805144,0.6894164193867458,0.7012858555885262,0.712166172106825,0.7161226508407518,0.7240356083086054,0.7279920870425322
v_circus,1-2,viewpoint,2048,2048,1371,0.3282275711159737,0.7330415754923414,0.8738147337709701,0.9241429613420861,0.9394602479941648,0.9489423778264041,0.9533187454412837,0.9598832968636032,0.9620714806710431,0.9635302698760029
v_circus,1-3,viewpoint,2048,2048,1135,0.1171806167400881,0.3744493392070485,0.5841409691629956,0.6977973568281939,0.760352422907489,0.8,0.8317180616740089,0.8449339207048459,0.8599118942731278,0.8713656387665198
v_circus,1-4,viewpoint,2048,2048,925,0.07675675675675675,0.25513513513513514,0.4540540540540541,0.587027027027027,0.6627027027027027,0.7005405405405405,0.7243243243243244,0.7437837837837837,0.7535135135135135,0.7697297297297298
v_circus,1-5,viewpoint,2048,2048,1299,0.16166281755196305,0.4857582755966128,0.729022324865281,0.8452655889145496,0.8929946112394149,0.9099307159353349,0.9214780600461894,0.9260969976905312,0.9299461123941494,0.9361046959199384
v_circus,1-6,viewpoint,2048,2048,1113,0.11500449236298294,0.3746630727762803,0.5965858041329739,0.7097933513027853,0.7717879604672058,0.8131176999101527,0.8445642407906558,0.8553459119496856,0.8634321653189577,0.8733153638814016
v_coffeehouse,1-2,viewpoint,2048,2048,1116,0.2222222222222222,0.5510752688172043,0.7652329749103942,0.8485663082437276,0.8727598566308243,0.8862007168458781,0.8969534050179212,0.9023297491039427,0.9059139784946236,0.9086021505376344
v_coffeehouse,1-3,viewpoint,2048,2048,1203,0.2169576059850374,0.5818786367414797,0.7772236076475478,0.8487115544472152,0.8736492103075644,0.8827930174563591,0.8869492934330839,0.8894430590191189,0.8919368246051538,0.8927680798004988
v_coffeehouse,1-4,viewpoint,2048,2048,1251,0.10071942446043165,0.3261390887290168,0.5419664268585132,0.709832134292566,0.7961630695443646,0.8401278976818545,0.8641087130295764,0.8792965627498002,0.885691446842526,0.8928856914468425
v_coffeehouse,1-5,viewpoint,2048,2048,980,0.1836734693877551,0.5183673469387755,0.7081632653061225,0.7846938775510204,0.8163265306122449,0.8336734693877551,0.8448979591836735,0.8459183673469388,0.8479591836734693,0.8489795918367347
v_coffeehouse,1-6,viewpoint,2048,2048,983,0.10681586978636826,0.301119023397762,0.46897253306205494,0.5920651068158698,0.6703967446592065,0.7222787385554426,0.7497456765005086,0.7741607324516785,0.7873855544252288,0.7934893184130214
v_colors,1-2,viewpoint,2048,2048,1023,0.093841642228739,0.270772238514174,0.3978494623655914,0.5024437927663734,0.5757575757575758,0.6226783968719453,0.6686217008797654,0.696969696969697,0.7067448680351907,0.7145650048875856
v_colors,1-3,viewpoint,2048,2048,875,0.07428571428571429,0.18742857142857142,0.30514285714285716,0.38971428571428574,0.4674285714285714,0.5291428571428571,0.5645714285714286,0.6011428571428571,0.6217142857142857,0.6457142857142857
v_colors,1-4,viewpoint,2048,2048,401,0.007481296758104738,0.059850374064837904,0.09476309226932668,0.12967581047381546,0.15211970074812967,0.18204488778054864,0.19950124688279303,0.2144638403990025,0.22942643391521197,0.23940149625935161
v_colors,1-5,viewpoint,2048,2048,315,0.006349206349206349,0.02857142857142857,0.06666666666666667,0.08253968253968254,0.10476190476190476,0.1111111111111111,0.11428571428571428,0.12380952380952381,0.13333333333333333,0.1365079365079365
v_colors,1-6,viewpoint,2048,2048,259,0.0,0.011583011583011582,0.011583011583011582,0.019305019305019305,0.023166023166023165,0.03088803088803089,0.03088803088803089,0.03861003861003861,0.05019305019305019,0.05405405405405406
v_courses,1-2,viewpoint,2048,2048,1664,0.35697115384615385,0.7415865384615384,0.8936298076923077,0.9435096153846154,0.9543269230769231,0.9579326923076923,0.9609375,0.9627403846153846,0.9651442307692307,0.9657451923076923
v_courses,1-3,viewpoint,2048,2048,1433,0.16329378925331473,0.45010467550593164,0.6692254012561061,0.8129797627355199,0.8834612700628053,0.9127704117236567,0.9323098394975575,0.9434752267969295,0.947662247034194,0.9518492672714585
v_courses,1-4,viewpoint,2048,2048,1451,0.1874569262577533,0.5051688490696071,0.7401791867677464,0.8421778084079945,0.9042039972432805,0.9221226740179187,0.9359062715368711,0.9421088904203997,0.9469331495520331,0.9503790489317712
v_courses,1-5,viewpoint,2048,2048,1193,0.10561609388097234,0.316848281642917,0.5188600167644594,0.6512992455993294,0.7460184409052808,0.8113998323554066,0.8524727577535625,0.8843252305113161,0.8968985750209556,0.9103101424979044
v_courses,1-6,viewpoint,2048,2048,1057,0.08230842005676443,0.24219489120151372,0.40491958372753073,0.5600756859035004,0.6527909176915799,0.7209082308420057,0.7729422894985809,0.8060548722800378,0.8325449385052034,0.8486281929990539
v_dirtywall,1-2,viewpoint,2048,2048,1448,0.4613259668508287,0.8397790055248618,0.9116022099447514,0.9378453038674033,0.9454419889502762,0.949585635359116,0.9537292817679558,0.9571823204419889,0.9599447513812155,0.9620165745856354
v_dirtywall,1-3,viewpoint,2048,2048,1320,0.35378787878787876,0.7257575757575757,0.8454545454545455,0.8818181818181818,0.896969696969697,0.9053030303030303,0.9136363636363637,0.9196969696969697,0.9265151515151515,0.928030303030303
v_dirtywall,1-4,viewpoint,2048,2048,1176,0.23809523809523808,0.5637755102040817,0.7576530612244898,0.8129251700680272,0.8452380952380952,0.8605442176870748,0.8681972789115646,0.8775510204081632,0.8860544217687075,0.8894557823129252
v_dirtywall,1-5,viewpoint,2048,2048,1256,0.3335987261146497,0.714968152866242,0.8519108280254777,0.8964968152866242,0.910031847133758,0.9140127388535032,0.9171974522292994,0.9195859872611465,0.9227707006369427,0.9267515923566879
v_dirtywall,1-6,viewpoint,2048,2048,1015,0.2,0.48669950738916257,0.6482758620689655,0.7310344827586207,0.7655172413793103,0.7783251231527094,0.7891625615763547,0.7950738916256158,0.7990147783251231,0.7990147783251231
v_dogman,1-2,viewpoint,2048,2048,1360,0.44779411764705884,0.7558823529411764,0.8191176470588235,0.8522058823529411,0.8661764705882353,0.8860294117647058,0.9051470588235294,0.9102941176470588,0.9139705882352941,0.9161764705882353
v_dogman,1-3,viewpoint,2048,2048,1393,0.6044508255563532,0.8147882268485284,0.8564249820531228,0.867910983488873,0.873653984206748,0.8765254845656856,0.8779612347451543,0.8801148600143575,0.8815506101938263,0.8844221105527639
v_dogman,1-4,viewpoint,2048,2048,881,0.18161180476730987,0.43246311010215666,0.52894438138479,0.5936435868331441,0.6106696935300795,0.6299659477866061,0.6481271282633371,0.656072644721907,0.6640181611804767,0.6662883087400681
v_dogman,1-5,viewpoint,2048,2048,1204,0.3579734219269103,0.6810631229235881,0.7749169435215947,0.8014950166112956,0.8205980066445183,0.8363787375415282,0.8488372093023255,0.8579734219269103,0.8629568106312292,0.8729235880398671
v_dogman,1-6,viewpoint,2048,2048,826,0.08716707021791767,0.23365617433414043,0.32324455205811137,0.36803874092009686,0.38498789346246975,0.4067796610169492,0.4225181598062954,0.4322033898305085,0.4358353510895884,0.44188861985472155
v_eastsouth,1-2,viewpoint,2048,2048,1364,0.6326979472140762,0.8797653958944281,0.905425219941349,0.9178885630498533,0.9259530791788856,0.9318181818181818,0.9376832844574781,0.9413489736070382,0.9435483870967742,0.9442815249266863
v_eastsouth,1-3,viewpoint,2048,2048,795,0.022641509433962263,0.055345911949685536,0.0830188679245283,0.0930817610062893,0.10062893081761007,0.11069182389937107,0.12075471698113208,0.1320754716981132,0.13962264150943396,0.14968553459119496
v_eastsouth,1-4,viewpoint,2048,2048,739,0.0,0.0,0.0,0.0,0.0,0.0,0.0,0.0,0.0,0.0013531799729364006
v_eastsouth,1-5,viewpoint,2048,2048,759,0.003952569169960474,0.010540184453227932,0.017127799736495388,0.023715415019762844,0.030303030303030304,0.034255599472990776,0.03557312252964427,0.04084321475625823,0.04084321475625823,0.043478260869565216
v_eastsouth,1-6,viewpoint,2048,2048,801,0.08614232209737828,0.14606741573033707,0.16853932584269662,0.1822721598002497,0.18851435705368288,0.19600499375780275,0.2009987515605493,0.20848938826466917,0.21473158551810237,0.2184769038701623
v_feast,1-2,viewpoint,2048,2048,1319,0.3555724033358605,0.7255496588324488,0.8642911296436695,0.9150871872630781,0.9294920394238059,0.9385898407884761,0.9416224412433661,0.9469294920394238,0.9507202426080363,0.954510993176649
v_feast,1-3,viewpoint,2048,2048,1430,0.2629370629370629,0.6160839160839161,0.8097902097902098,0.8867132867132868,0.9153846153846154,0.9293706293706294,0.9342657342657342,0.941958041958042,0.9461538461538461,0.9482517482517483
v_feast,1-4,viewpoint,2048,2048,1158,0.20552677029360966,0.5034542314335061,0.6718480138169257,0.770293609671848,0.8134715025906736,0.8454231433506045,0.8566493955094991,0.8618307426597582,0.8661485319516408,0.8730569948186528
v_feast,1-5,viewpoint,2048,2048,1317,0.23006833712984054,0.5671981776765376,0.7517084282460137,0.8451025056947609,0.8785117691723614,0.9043280182232346,0.9157175398633257,0.9240698557327259,0.9248291571753986,0.9316628701594533
v_feast,1-6,viewpoint,2048,2048,1216,0.16529605263157895,0.4777960526315789,0.6792763157894737,0.7779605263157895,0.8297697368421053,0.8519736842105263,0.8700657894736842,0.875,0.8832236842105263,0.8881578947368421
v_fest,1-2,viewpoint,2048,2048,1362,0.381057268722467,0.76431718061674,0.8839941262848752,0.9104258443465492,0.9273127753303965,0.9317180616740088,0.933920704845815,0.9383259911894273,0.9390602055800293,0.9419970631424376
v_fest,1-3,viewpoint,2048,2048,1131,0.18037135278514588,0.4792219274977896,0.6595932802829354,0.7568523430592397,0.7895667550839964,0.8099027409372237,0.8293545534924845,0.843501326259947,0.8496905393457118,0.8576480990274093
v_fest,1-4,viewpoint,2048,2048,1191,0.22837951301427373,0.6154492023509656,0.780016792611251,0.8337531486146096,0.8480268681780017,0.8623005877413937,0.8648194794290512,0.8681780016792612,0.873215785054576,0.8790931989924433
v_fest,1-5,viewpoint,2048,2048,1189,0.20521446593776282,0.5374264087468461,0.7224558452481077,0.7947855340622372,0.8292682926829268,0.847771236333053,0.8536585365853658,0.864592094196804,0.872161480235492,0.8780487804878049
v_fest,1-6,viewpoint,2048,2048,1090,0.14862385321100918,0.41559633027522935,0.5844036697247706,0.673394495412844,0.7055045871559633,0.7238532110091743,0.7385321100917431,0.7541284403669725,0.7587155963302752,0.7642201834862385
v_gardens,1-2,viewpoint,2048,2048,1304,0.2875766871165644,0.6625766871165644,0.7998466257668712,0.852760736196319,0.8780674846625767,0.8903374233128835,0.901840490797546,0.9079754601226994,0.9102760736196319,0.9133435582822086
v_gardens,1-3,viewpoint,2048,2048,935,0.11229946524064172,0.29411764705882354,0.43636363636363634,0.5058823529411764,0.558288770053476,0.5786096256684492,0.5946524064171123,0.6032085561497326,0.611764705882353,0.6203208556149733
v_gardens,1-4,viewpoint,2048,2048,1433,0.427076064200977,0.790648988136776,0.8785764131193301,0.90648988136776,0.9162595952547103,0.9267271458478716,0.9309141660851361,0.9344033496161898,0.9364968597348221,0.9399860432658758
v_gardens,1-5,viewpoint,2048,2048,1032,0.12790697674418605,0.3875968992248062,0.5775193798449613,0.6472868217054264,0.6812015503875969,0.7005813953488372,0.7054263565891473,0.7151162790697675,0.7189922480620154,0.7257751937984496
v_gardens,1-6,viewpoint,2048,2048,1196,0.17474916387959866,0.532608695652174,0.725752508361204,0.7867892976588629,0.818561872909699,0.8327759197324415,0.8444816053511706,0.8553511705685619,0.8612040133779264,0.8620401337792643
v_grace,1-2,viewpoint,2048,2048,1441,0.34559333795975017,0.7404580152671756,0.8813324080499653,0.9181124219292158,0.9306037473976405,0.9333795975017349,0.9382373351839001,0.9396252602359473,0.9410131852879945,0.9417071478140181
v_grace,1-3,viewpoint,2048,2048,1313,0.2947448591012947,0.6603198781416603,0.817974105102818,0.8811881188118812,0.900990099009901,0.904036557501904,0.9124143183549124,0.916984006092917,0.9177456207159177,0.9177456207159177
v_grace,1-4,viewpoint,2048,2048,1139,0.24319578577699735,0.5443371378402108,0.7190517998244074,0.7910447761194029,0.8305531167690957,0.8419666374012291,0.8507462686567164,0.8542581211589113,0.8568920105355575,0.858647936786655
v_grace,1-5,viewpoint,2048,2048,913,0.1533406352683461,0.4019715224534502,0.56078860898138,0.6330777656078861,0.6692223439211391,0.6856516976998904,0.7020810514786419,0.7097480832420592,0.7130339539978094,0.7185104052573932
v_grace,1-6,viewpoint,2048,2048,765,0.05751633986928104,0.15294117647058825,0.23529411764705882,0.28888888888888886,0.31241830065359477,0.32941176470588235,0.3359477124183007,0.3411764705882353,0.3516339869281046,0.3516339869281046
v_graffiti,1-2,viewpoint,2048,2048,1051,0.2768791627021884,0.5775451950523312,0.7021883920076119,0.7497621313035204,0.7678401522359658,0.780209324452902,0.7868696479543292,0.7954329210275928,0.7992388201712655,0.80209324452902
v_graffiti,1-3,viewpoint,2048,2048,931,0.16433941997851773,0.41353383458646614,0.5810955961331902,0.6702470461868958,0.6949516648764769,0.7035445757250268,0.719656283566058,0.7271750805585392,0.7336197636949516,0.7379162191192267
v_graffiti,1-4,viewpoint,2048,2048,697,0.021520803443328552,0.04447632711621234,0.054519368723098996,0.06312769010043041,0.0703012912482066,0.07890961262553801,0.08751793400286945,0.0975609756097561,0.10043041606886657,0.10186513629842181
v_graffiti,1-5,viewpoint,2048,2048,715,0.13006993006993006,0.27412587412587414,0.3328671328671329,0.3622377622377622,0.36643356643356645,0.3748251748251748,0.3944055944055944,0.4153846153846154,0.43356643356643354,0.43776223776223777
v_graffiti,1-6,viewpoint,2048,2048,708,0.002824858757062147,0.00847457627118644,0.014124293785310734,0.01977401129943503,0.0211864406779661,0.022598870056497175,0.025423728813559324,0.029661016949152543,0.031073446327683617,0.03389830508474576
v_home,1-2,viewpoint,2048,2048,1085,0.2571428571428571,0.5824884792626728,0.7483870967741936,0.7870967741935484,0.7981566820276498,0.8055299539170507,0.8147465437788018,0.8221198156682028,0.8258064516129032,0.8267281105990784
v_home,1-3,viewpoint,2048,2048,1027,0.16455696202531644,0.4469328140214216,0.617332035053554,0.6981499513145083,0.7332035053554041,0.7497565725413826,0.7575462512171373,0.7663096397273612,0.7721518987341772,0.7750730282375852
v_home,1-4,viewpoint,2048,2048,1129,0.2595217006200177,0.6031886625332152,0.7555358724534986,0.8060230292294066,0.8272807794508414,0.8423383525243578,0.8476527900797166,0.8511957484499557,0.8547387068201948,0.8556244464127547
v_home,1-5,viewpoint,2048,2048,966,0.09109730848861283,0.30124223602484473,0.47101449275362317,0.5703933747412008,0.6231884057971014,0.6469979296066253,0.6677018633540373,0.6842650103519669,0.6884057971014492,0.6935817805383023
v_home,1-6,viewpoint,2048,2048,773,0.009055627425614488,0.03492884864165589,0.0646830530401035,0.08408796895213454,0.10219922380336352,0.11384217335058215,0.12419146183699871,0.13065976714100905,0.13583441138421734,0.1410090556274256
v_laptop,1-2,viewpoint,2048,2048,1542,0.728923476005188,0.9364461738002594,0.959792477302205,0.9734111543450065,0.977302204928664,0.977302204928664,0.9785992217898832,0.9818417639429312,0.9818417639429312,0.9844357976653697
v_laptop,1-3,viewpoint,2048,2048,910,0.2868131868131868,0.4824175824175824,0.5263736263736264,0.5615384615384615,0.5879120879120879,0.6175824175824176,0.6373626373626373,0.6527472527472528,0.6637362637362637,0.6681318681318681
v_laptop,1-4,viewpoint,2048,2048,668,0.004491017964071856,0.01347305389221557,0.02245508982035928,0.029940119760479042,0.03293413173652695,0.04491017964071856,0.04940119760479042,0.058383233532934134,0.06287425149700598,0.06736526946107785
v_laptop,1-5,viewpoint,2048,2048,654,0.0,0.0,0.0,0.0,0.0,0.0015290519877675841,0.0030581039755351682,0.0045871559633027525,0.0061162079510703364,0.009174311926605505
v_laptop,1-6,viewpoint,2048,2048,686,0.0,0.0,0.0,0.0,0.0,0.0029154518950437317,0.0029154518950437317,0.004373177842565598,0.008746355685131196,0.014577259475218658
v_london,1-2,viewpoint,2048,2048,1457,0.42278654770075497,0.8702814001372684,0.939601921757035,0.9485243651338366,0.9505833905284832,0.9526424159231297,0.9533287577213452,0.9567604667124228,0.9581331503088538,0.9588194921070693
v_london,1-3,viewpoint,2048,2048,1376,0.4273255813953488,0.8430232558139535,0.9258720930232558,0.938953488372093,0.9418604651162791,0.9433139534883721,0.9447674418604651,0.9469476744186046,0.9498546511627907,0.9505813953488372
v_london,1-4,viewpoint,2048,2048,1389,0.34773218142548595,0.7163426925845933,0.849532037437005,0.9092872570194385,0.9236861051115911,0.9344852411807055,0.937365010799136,0.9445644348452124,0.9460043196544277,0.9467242620590353
v_london,1-5,viewpoint,2048,2048,1507,0.4233576642335766,0.8500331785003318,0.9422694094226941,0.9542136695421367,0.9581950895819509,0.960185799601858,0.9615129396151294,0.962176509621765,0.9635036496350365,0.966821499668215
v_london,1-6,viewpoint,2048,2048,1498,0.42456608811748997,0.8538050734312417,0.9385847797062751,0.9546061415220294,0.9572763684913218,0.9599465954606141,0.9626168224299065,0.9632843791722296,0.965287049399199,0.9659546061415221
v_machines,1-2,viewpoint,2048,2048,1445,0.15017301038062283,0.4685121107266436,0.728719723183391,0.8664359861591695,0.9224913494809689,0.9453287197231834,0.9577854671280277,0.9626297577854671,0.9640138408304498,0.9667820069204153
v_machines,1-3,viewpoint,2048,2048,1144,0.07080419580419581,0.26048951048951047,0.4597902097902098,0.5891608391608392,0.7036713286713286,0.7587412587412588,0.8006993006993007,0.8286713286713286,0.8365384615384616,0.8417832167832168
v_machines,1-4,viewpoint,2048,2048,1453,0.18306951135581556,0.5251204404679972,0.7735719201651755,0.9002064693737095,0.94287680660702,0.9545767377838954,0.961459050240881,0.9649002064693737,0.9676531314521679,0.9676531314521679
v_machines,1-5,viewpoint,2048,2048,1110,0.09009009009009009,0.27837837837837837,0.4828828828828829,0.6288288288288288,0.7279279279279279,0.7837837837837838,0.818018018018018,0.8342342342342343,0.8477477477477477,0.8531531531531531
v_machines,1-6,viewpoint,2048,2048,1425,0.3585964912280702,0.7578947368421053,0.8898245614035087,0.9256140350877193,0.9368421052631579,0.9417543859649122,0.9487719298245614,0.9529824561403509,0.9557894736842105,0.9571929824561404
v_man,1-2,viewpoint,2048,2048,1279,0.15402658326817825,0.43471462079749806,0.6270523846755277,0.7396403440187647,0.8146989835809226,0.856137607505864,0.8788115715402658,0.890539483971853,0.8999218139171228,0.910086004691165
v_man,1-3,viewpoint,2048,2048,1102,0.073502722323049,0.23684210526315788,0.411070780399274,0.5335753176043557,0.6179673321234119,0.6760435571687841,0.705989110707804,0.7323049001814882,0.7513611615245009,0.7749546279491834
v_man,1-4,viewpoint,2048,2048,1049,0.08960915157292659,0.2926596758817922,0.4775977121067683,0.5862726406101049,0.652049571020019,0.6863679694947569,0.7149666348903718,0.7426120114394662,0.7588179218303146,0.776930409914204
v_man,1-5,viewpoint,2048,2048,1322,0.07110438729198185,0.2700453857791225,0.49848714069591527,0.6966717095310136,0.7768532526475038,0.8305597579425114,0.8661119515885023,0.8819969742813918,0.8925869894099848,0.903177004538578
v_man,1-6,viewpoint,2048,2048,1236,0.1407766990291262,0.36003236245954695,0.5655339805825242,0.6812297734627831,0.7580906148867314,0.7953074433656958,0.8284789644012945,0.8511326860841424,0.8592233009708737,0.8656957928802589
v_maskedman,1-2,viewpoint,2048,2048,1164,0.2611683848797251,0.5945017182130584,0.7259450171821306,0.7946735395189003,0.8350515463917526,0.8530927835051546,0.8599656357388317,0.865979381443299,0.8737113402061856,0.877147766323024
v_maskedman,1-3,viewpoint,2048,2048,946,0.28012684989429176,0.5560253699788583,0.6723044397463002,0.7293868921775899,0.7600422832980972,0.7801268498942917,0.7949260042283298,0.8012684989429175,0.806553911205074,0.8076109936575053
v_maskedman,1-4,viewpoint,2048,2048,1229,0.23515052888527258,0.5866558177379984,0.8087876322213181,0.8641171684296176,0.8812042310821806,0.8893409275834011,0.8934092758340114,0.8942229454841334,0.8966639544344996,0.8991049633848658
v_maskedman,1-5,viewpoint,2048,2048,1258,0.25119236883942764,0.6486486486486487,0.8441971383147854,0.8982511923688394,0.9117647058823529,0.9149443561208267,0.918918918918919,0.9213036565977742,0.9213036565977742,0.9228934817170111
v_maskedman,1-6,viewpoint,2048,2048,786,0.05089058524173028,0.17684478371501272,0.27735368956743,0.3320610687022901,0.366412213740458,0.3816793893129771,0.3905852417302799,0.3994910941475827,0.40076335877862596,0.4071246819338422
v_pomegranate,1-2,viewpoint,2048,2048,1349,0.1178650852483321,0.40252038547071906,0.6382505559673832,0.7568569310600445,0.8354336545589326,0.865826538176427,0.882876204595997,0.8917716827279466,0.8977020014825797,0.9028910303928837
v_pomegranate,1-3,viewpoint,2048,2048,1277,0.10023492560689115,0.32967893500391543,0.5630383711824589,0.696945967110415,0.7642913077525451,0.8120595144870791,0.8418167580266249,0.8527799530148786,0.86530931871574,0.8739232576350823
v_pomegranate,1-4,viewpoint,2048,2048,1297,0.23438704703161142,0.5474171164225135,0.7340015420200463,0.8203546646106399,0.8535080956052429,0.8750963762528913,0.887432536622976,0.9020817270624518,0.9082498072474943,0.9121048573631457
v_pomegranate,1-5,viewpoint,2048,2048,1326,0.13725490196078433,0.3936651583710407,0.6266968325791855,0.7760180995475113,0.8355957767722474,0.8680241327300151,0.8831070889894419,0.8929110105580694,0.9004524886877828,0.9057315233785822
v_pomegranate,1-6,viewpoint,2048,2048,1336,0.14820359281437126,0.4565868263473054,0.7133233532934131,0.8315868263473054,0.8772455089820359,0.8952095808383234,0.9034431137724551,0.9131736526946108,0.9229041916167665,0.9251497005988024
v_posters,1-2,viewpoint,2048,2048,957,0.24869383490073146,0.5402298850574713,0.6687565308254964,0.7210031347962382,0.7377220480668757,0.7502612330198537,0.7607105538140021,0.7669801462904912,0.7669801462904912,0.7711598746081505
v_posters,1-3,viewpoint,2048,2048,1091,0.2758936755270394,0.6021998166819432,0.7671860678276811,0.84051329055912,0.8588450962419798,0.8670944087992667,0.8725939505041247,0.8780934922089826,0.8845096241979835,0.8854262144821264
v_posters,1-4,viewpoint,2048,2048,1045,0.32057416267942584,0.6660287081339713,0.784688995215311,0.8229665071770335,0.8449760765550239,0.8583732057416268,0.8679425837320575,0.8794258373205741,0.8842105263157894,0.8861244019138756
v_posters,1-5,viewpoint,2048,2048,976,0.1875,0.4682377049180328,0.6034836065573771,0.6752049180327869,0.7069672131147541,0.7366803278688525,0.7448770491803278,0.7561475409836066,0.7622950819672131,0.7622950819672131
v_posters,1-6,viewpoint,2048,2048,909,0.18811881188118812,0.3872387238723872,0.5192519251925193,0.592959295929593,0.6501650165016502,0.693069306930693,0.724972497249725,0.735973597359736,0.7447744774477447,0.7480748074807481
v_samples,1-2,viewpoint,2048,2048,1363,0.30007336757153336,0.6918561995597946,0.8532648569332355,0.9024211298606016,0.9229640498899486,0.9310344827586207,0.9369038884812912,0.9376375641966251,0.9391049156272927,0.9413059427732942
v_samples,1-3,viewpoint,2048,2048,1388,0.33789625360230546,0.7528818443804035,0.8789625360230547,0.9193083573487032,0.9329971181556196,0.9402017291066282,0.9459654178674352,0.9481268011527377,0.9495677233429395,0.9502881844380403
v_samples,1-4,viewpoint,2048,2048,1195,0.23263598326359833,0.5740585774058578,0.7631799163179916,0.8351464435146444,0.8602510460251046,0.8803347280334728,0.8895397489539749,0.895397489539749,0.896234309623431,0.899581589958159
v_samples,1-5,viewpoint,2048,2048,1291,0.30983733539891556,0.7002323780015491,0.8489542989930287,0.895429899302866,0.9124709527498064,0.9225406661502711,0.9287374128582494,0.930286599535244,0.9310611928737413,0.9341595662277304
v_samples,1-6,viewpoint,2048,2048,1163,0.19260533104041272,0.5554600171969045,0.7515047291487532,0.8073946689595872,0.8503869303525365,0.8624247635425624,0.8684436801375752,0.8727429062768701,0.8787618228718831,0.880481513327601
v_soldiers,1-2,viewpoint,2048,2048,1326,0.18627450980392157,0.5128205128205128,0.6892911010558069,0.7865761689291101,0.8340874811463047,0.8627450980392157,0.8846153846153846,0.8974358974358975,0.9057315233785822,0.9125188536953243
v_soldiers,1-3,viewpoint,2048,2048,1155,0.12987012987012986,0.37316017316017314,0.5558441558441558,0.651082251082251,0.7177489177489178,0.754978354978355,0.7766233766233767,0.793939393939394,0.8051948051948052,0.8103896103896104
v_soldiers,1-4,viewpoint,2048,2048,993,0.10171198388721048,0.3071500503524673,0.45720040281973817,0.5558912386706949,0.62134944612286,0.648539778449144,0.6656596173212488,0.675730110775428,0.6807653575025177,0.6868076535750252
v_soldiers,1-5,viewpoint,2048,2048,922,0.06073752711496746,0.20824295010845986,0.3297180043383948,0.40130151843817785,0.44143167028199565,0.4750542299349241,0.49023861171366595,0.49783080260303686,0.5054229934924078,0.5130151843817787
v_soldiers,1-6,viewpoint,2048,2048,1180,0.19322033898305085,0.48898305084745763,0.661864406779661,0.7516949152542373,0.8008474576271186,0.8271186440677966,0.8432203389830508,0.8550847457627119,0.861864406779661,0.8677966101694915
v_strand,1-2,viewpoint,2048,2048,1658,0.4806996381182147,0.8884197828709288,0.9451145958986731,0.9601930036188179,0.9662243667068757,0.9716525934861279,0.974065138721351,0.9752714113389626,0.97708082026538,0.9794933655006032
v_strand,1-3,viewpoint,2048,2048,1422,0.13924050632911392,0.38466947960618847,0.6244725738396625,0.7630098452883263,0.829817158931083,0.8684950773558369,0.8959212376933896,0.9092827004219409,0.929676511954993,0.9388185654008439
v_strand,1-4,viewpoint,2048,2048,1437,0.1022964509394572,0.37230340988169797,0.6089074460681977,0.7592205984690327,0.8469032707028532,0.8942240779401531,0.9248434237995825,0.941544885177453,0.9498956158663883,0.9547668754349339
v_strand,1-5,viewpoint,2048,2048,1393,0.11773151471643933,0.3646805455850682,0.5771715721464465,0.6984924623115578,0.7810480976310122,0.842067480258435,0.8858578607322326,0.9167264895908112,0.9404163675520459,0.9526202440775305
v_strand,1-6,viewpoint,2048,2048,1353,0.0827790096082779,0.2749445676274945,0.49223946784922396,0.6334072431633407,0.7309682187730968,0.7915742793791575,0.844789356984479,0.8802660753880266,0.8987435328898744,0.9164818920916482
v_sunseason,1-2,viewpoint,2048,2048,1610,0.47018633540372673,0.8894409937888199,0.9372670807453416,0.9428571428571428,0.9440993788819876,0.9440993788819876,0.94472049689441,0.94472049689441,0.94472049689441,0.94472049689441
v_sunseason,1-3,viewpoint,2048,2048,1351,0.3789785344189489,0.765358993338268,0.8556624722427831,0.8786084381939304,0.8860103626943006,0.8874907475943745,0.8897113249444856,0.8904515173945226,0.8911917098445595,0.8911917098445595
v_sunseason,1-4,viewpoint,2048,2048,895,0.21787709497206703,0.5497206703910614,0.6871508379888268,0.7273743016759776,0.7452513966480447,0.7519553072625699,0.7597765363128491,0.7631284916201118,0.7642458100558659,0.7642458100558659
v_sunseason,1-5,viewpoint,2048,2048,825,0.15393939393939393,0.3987878787878788,0.5709090909090909,0.6387878787878788,0.6593939393939394,0.6666666666666666,0.6763636363636364,0.68,0.6824242424242424,0.6824242424242424
v_sunseason,1-6,viewpoint,2048,2048,731,0.1012311901504788,0.3036935704514364,0.41450068399452805,0.4897400820793434,0.5129958960328317,0.533515731874145,0.5458276333789329,0.5499316005471956,0.5540355677154583,0.5540355677154583
v_tabletop,1-2,viewpoint,2048,2048,1255,0.2645418326693227,0.6047808764940239,0.7729083665338645,0.8247011952191236,0.8414342629482072,0.846215139442231,0.853386454183267,0.8557768924302789,0.8589641434262948,0.8589641434262948
v_tabletop,1-3,viewpoint,2048,2048,853,0.08323563892145369,0.2250879249706917,0.31535756154747946,0.3552168815943728,0.38686987104337633,0.40093786635404455,0.406799531066823,0.4138335287221571,0.4208675263774912,0.42555685814771393
v_tabletop,1-4,viewpoint,2048,2048,918,0.15250544662309368,0.3660130718954248,0.46949891067538124,0.5326797385620915,0.5642701525054467,0.5816993464052288,0.5915032679738562,0.5969498910675382,0.6034858387799564,0.6045751633986928
v_tabletop,1-5,viewpoint,2048,2048,1001,0.1958041958041958,0.41058941058941056,0.5284715284715285,0.5894105894105894,0.6143856143856143,0.6363636363636364,0.6503496503496503,0.6613386613386614,0.6663336663336663,0.6683316683316683
v_tabletop,1-6,viewpoint,2048,2048,1015,0.19408866995073892,0.4374384236453202,0.5862068965517241,0.6344827586206897,0.6600985221674877,0.677832512315271,0.6857142857142857,0.6896551724137931,0.6935960591133005,0.696551724137931
v_talent,1-2,viewpoint,2048,2048,848,0.294811320754717,0.6851415094339622,0.8231132075471698,0.8596698113207547,0.8726415094339622,0.8785377358490566,0.8856132075471698,0.8867924528301887,0.8879716981132075,0.8891509433962265
v_talent,1-3,viewpoint,2048,2048,816,0.27328431372549017,0.5857843137254902,0.7426470588235294,0.803921568627451,0.8394607843137255,0.8480392156862745,0.8553921568627451,0.8578431372549019,0.8615196078431373,0.8651960784313726
v_talent,1-4,viewpoint,2048,2048,724,0.19060773480662985,0.48480662983425415,0.6408839779005525,0.7058011049723757,0.7403314917127072,0.7541436464088398,0.7651933701657458,0.7665745856353591,0.7776243093922652,0.7803867403314917
v_talent,1-5,viewpoint,2048,2048,714,0.06582633053221289,0.21988795518207283,0.3543417366946779,0.42296918767507,0.4565826330532213,0.49299719887955185,0.511204481792717,0.5168067226890757,0.5210084033613446,0.5266106442577031
v_talent,1-6,viewpoint,2048,2048,793,0.1828499369482976,0.43505674653215637,0.6090794451450189,0.6746532156368222,0.725094577553594,0.7477931904161412,0.7730138713745272,0.7881462799495587,0.7944514501891551,0.798234552332913
v_tempera,1-2,viewpoint,2048,2048,1317,0.4031890660592255,0.7752467729688687,0.8807896735003796,0.9240698557327259,0.9392558845861807,0.9460895975702354,0.9498861047835991,0.9521640091116174,0.95292331055429,0.9536826119969628
v_tempera,1-3,viewpoint,2048,2048,1263,0.3412509897070467,0.716547901821061,0.8574821852731591,0.9113222486144101,0.9287410926365796,0.9445764053840063,0.9493269992082344,0.9493269992082344,0.9517022961203484,0.9556611243072051
v_tempera,1-4,viewpoint,2048,2048,1251,0.35571542765787373,0.7138289368505196,0.8425259792166268,0.8800959232613909,0.8968824940047961,0.9080735411670664,0.9128697042366107,0.9192645883293366,0.9216626698641087,0.9232613908872902
v_tempera,1-5,viewpoint,2048,2048,1194,0.28224455611390287,0.6708542713567839,0.7964824120603015,0.8375209380234506,0.8542713567839196,0.8668341708542714,0.873534338358459,0.8768844221105527,0.8793969849246231,0.88107202680067
v_tempera,1-6,viewpoint,2048,2048,893,0.1187010078387458,0.3292273236282195,0.45352743561030234,0.5151175811870101,0.5442329227323628,0.5655095184770437,0.5767077267637178,0.5856662933930571,0.5957446808510638,0.6013437849944009
v_there,1-2,viewpoint,2048,2048,1253,0.1931364724660814,0.515562649640862,0.7015163607342378,0.8012769353551477,0.8427773343974462,0.8619313647246608,0.8715083798882681,0.8874700718276137,0.8946528332003192,0.8994413407821229
v_there,1-3,viewpoint,2048,2048,697,0.027259684361549498,0.07890961262553801,0.133428981348637,0.16212338593974174,0.1793400286944046,0.1994261119081779,0.2065997130559541,0.2109038737446198,0.21233859397417504,0.21377331420373027
v_there,1-4,viewpoint,2048,2048,664,0.0030120481927710845,0.010542168674698794,0.015060240963855422,0.02108433734939759,0.03162650602409638,0.03463855421686747,0.04066265060240964,0.04066265060240964,0.043674698795180725,0.046686746987951805
v_there,1-5,viewpoint,2048,2048,656,0.0,0.001524390243902439,0.003048780487804878,0.006097560975609756,0.007621951219512195,0.009146341463414634,0.009146341463414634,0.009146341463414634,0.009146341463414634,0.010670731707317074
v_there,1-6,viewpoint,2048,2048,684,0.0,0.0,0.0,0.0,0.0,0.0014619883040935672,0.0014619883040935672,0.0014619883040935672,0.0029239766081871343,0.0029239766081871343
v_underground,1-2,viewpoint,2048,2048,1501,0.3457694870086609,0.7435043304463691,0.8874083944037309,0.9313790806129247,0.9513657561625583,0.9573617588274483,0.9620253164556962,0.9640239840106596,0.9646902065289806,0.9646902065289806
v_underground,1-3,viewpoint,2048,2048,1259,0.2390786338363781,0.5941223193010325,0.7847498014297061,0.857823669579031,0.8951548848292296,0.9126290706910246,0.9197776012708498,0.9237490071485306,0.9269261318506752,0.9293089753772835
v_underground,1-4,viewpoint,2048,2048,1052,0.16730038022813687,0.4372623574144487,0.6197718631178707,0.7319391634980988,0.7842205323193916,0.8136882129277566,0.8269961977186312,0.8346007604562737,0.844106463878327,0.8479087452471483
v_underground,1-5,viewpoint,2048,2048,857,0.11435239206534423,0.29871645274212366,0.44457409568261375,0.5215869311551925,0.574095682613769,0.6021003500583431,0.6242707117852976,0.6371061843640606,0.6476079346557759,0.6569428238039673
v_underground,1-6,viewpoint,2048,2048,683,0.02635431918008785,0.10980966325036604,0.18887262079062958,0.2430453879941435,0.2796486090775988,0.3089311859443631,0.3235724743777452,0.33528550512445093,0.34699853587115664,0.3601756954612006
v_vitro,1-2,viewpoint,2048,2048,1561,0.5227418321588725,0.8840486867392697,0.9513132607303011,0.9641255605381166,0.9660474055092889,0.9673286354900704,0.9679692504804612,0.9679692504804612,0.968609865470852,0.968609865470852
v_vitro,1-3,viewpoint,2048,2048,1413,0.3453644727530078,0.7480537862703468,0.86482661004954,0.9072894550601557,0.9179051663128096,0.9235668789808917,0.924274593064402,0.9249823071479123,0.9256900212314225,0.9263977353149327
v_vitro,1-4,viewpoint,2048,2048,1208,0.26572847682119205,0.6349337748344371,0.7764900662251656,0.8261589403973509,0.8451986754966887,0.8543046357615894,0.8584437086092715,0.8625827814569537,0.8642384105960265,0.8650662251655629
v_vitro,1-5,viewpoint,2048,2048,1454,0.38239339752407153,0.811554332874828,0.9257221458046767,0.951856946354883,0.9614855570839065,0.9621733149931224,0.9642365887207703,0.9649243466299863,0.9662998624484181,0.9662998624484181
v_vitro,1-6,viewpoint,2048,2048,1277,0.28425998433829286,0.6703210649960846,0.8472983555207517,0.9036805011746281,0.9256068911511355,0.9365700861393892,0.9420516836335161,0.9436178543461238,0.9459671104150352,0.9467501957713391
v_wall,1-2,viewpoint,2048,2048,1477,0.4035206499661476,0.7840216655382533,0.8991198375084631,0.920108327691266,0.9343263371699391,0.942450914014895,0.95260663507109,0.957345971563981,0.960731211916046,0.963439404197698
v_wall,1-3,viewpoint,2048,2048,1373,0.2658412235979607,0.5462490895848507,0.729060451565914,0.8361252731245448,0.875455207574654,0.8936635105608157,0.9031318281136198,0.9089584850691915,0.9140568099053168,0.9184268026219956
v_wall,1-4,viewpoint,2048,2048,1487,0.5319435104236718,0.8628110289172831,0.9213180901143242,0.9462004034969738,0.9562878278412912,0.9596503026227303,0.9603227975790182,0.9603227975790182,0.9603227975790182,0.960995292535306
v_wall,1-5,viewpoint,2048,2048,1304,0.2875766871165644,0.6273006134969326,0.7599693251533742,0.8228527607361963,0.8611963190184049,0.8857361963190185,0.8987730061349694,0.9041411042944786,0.9118098159509203,0.9125766871165644
v_wall,1-6,viewpoint,2048,2048,1207,0.21458160729080364,0.48467274233637114,0.6172328086164043,0.7083678541839271,0.8077879038939519,0.851698425849213,0.8732394366197183,0.8864954432477217,0.8939519469759735,0.8972659486329743
v_wapping,1-2,viewpoint,2048,2048,1343,0.33581533879374537,0.7520476545048399,0.8682055100521221,0.8972449739389426,0.909903201787044,0.9158600148920327,0.9180938198064036,0.9255398361876396,0.9270290394638868,0.9300074460163812
v_wapping,1-3,viewpoint,2048,2048,1013,0.20829220138203355,0.5074037512339585,0.6544916090819348,0.7285291214215203,0.7611056268509379,0.769990128331688,0.7788746298124383,0.7808489634748272,0.7847976307996052,0.7897334649555775
v_wapping,1-4,viewpoint,2048,2048,1031,0.18622696411251213,0.472356935014549,0.6682832201745877,0.7546071774975752,0.7875848690591658,0.8011639185257032,0.8157129000969933,0.8234723569350145,0.8312318137730359,0.8360814742967992
v_wapping,1-5,viewpoint,2048,2048,890,0.15280898876404495,0.4,0.5258426966292135,0.5808988764044943,0.6089887640449438,0.6202247191011236,0.6280898876404495,0.6337078651685393,0.6370786516853932,0.6415730337078651
v_wapping,1-6,viewpoint,2048,2048,786,0.061068702290076333,0.1692111959287532,0.2582697201017812,0.30407124681933845,0.32697201017811706,0.35368956743002544,0.3638676844783715,0.37150127226463103,0.37786259541984735,0.38040712468193383
v_war,1-2,viewpoint,2048,2048,1134,0.10934744268077601,0.328042328042328,0.5238095238095238,0.6825396825396826,0.7654320987654321,0.8095238095238095,0.8333333333333334,0.8527336860670194,0.8624338624338624,0.8694885361552028
v_war,1-3,viewpoint,2048,2048,977,0.09007164790174002,0.2937563971340839,0.45445240532241554,0.5394063459570113,0.5997952917093142,0.6601842374616171,0.6990788126919141,0.7267144319344934,0.7410440122824974,0.7563971340839304
v_war,1-4,viewpoint,2048,2048,1351,0.30940044411547,0.6720947446336047,0.8349370836417469,0.8889711324944486,0.9082161361954109,0.917098445595855,0.9222797927461139,0.9289415247964471,0.9326424870466321,0.9348630643967432
v_war,1-5,viewpoint,2048,2048,1325,0.18716981132075472,0.5184905660377358,0.7615094339622641,0.879245283018868,0.9169811320754717,0.9320754716981132,0.9388679245283019,0.9426415094339623,0.9456603773584905,0.9464150943396227
v_war,1-6,viewpoint,2048,2048,969,0.09597523219814241,0.2837977296181631,0.45098039215686275,0.5820433436532507,0.6625386996904025,0.718266253869969,0.7502579979360166,0.7698658410732714,0.7801857585139319,0.7832817337461301
v_weapons,1-2,viewpoint,2048,2048,1475,0.30033898305084744,0.6840677966101695,0.8366101694915254,0.8922033898305085,0.9152542372881356,0.9328813559322033,0.9396610169491525,0.9484745762711865,0.9498305084745763,0.951864406779661
v_weapons,1-3,viewpoint,2048,2048,1317,0.22627182991647685,0.5641609719058466,0.7494305239179955,0.826879271070615,0.8610478359908884,0.8861047835990888,0.8982536066818527,0.9179954441913439,0.9255884586180714,0.9286256643887624
v_weapons,1-4,viewpoint,2048,2048,1252,0.18849840255591055,0.4752396166134185,0.6693290734824281,0.7699680511182109,0.8250798722044729,0.8538338658146964,0.8833865814696485,0.8977635782747604,0.9065495207667732,0.9137380191693291
v_weapons,1-5,viewpoint,2048,2048,1413,0.2795470629865534,0.6227883934890305,0.7770700636942676,0.8556263269639066,0.8924274593064402,0.913658881811748,0.9221514508138712,0.9341825902335457,0.943382873319179,0.9476291578202406
v_weapons,1-6,viewpoint,2048,2048,1324,0.2394259818731118,0.5566465256797583,0.7341389728096677,0.8164652567975831,0.8678247734138973,0.8972809667673716,0.918429003021148,0.9259818731117825,0.9350453172205438,0.9373111782477341
v_woman,1-2,viewpoint,2048,2048,800,0.15,0.35875,0.47125,0.5225,0.53875,0.55625,0.56625,0.5725,0.575,0.5775
v_woman,1-3,viewpoint,2048,2048,930,0.17419354838709677,0.46774193548387094,0.6172043010752688,0.6935483870967742,0.7290322580645161,0.7494623655913979,0.7602150537634409,0.7677419354838709,0.7720430107526882,0.7752688172043011
v_woman,1-4,viewpoint,2048,2048,880,0.1409090909090909,0.38181818181818183,0.5681818181818182,0.6465909090909091,0.6795454545454546,0.7011363636363637,0.7159090909090909,0.7272727272727273,0.7352272727272727,0.7477272727272727
v_woman,1-5,viewpoint,2048,2048,752,0.11436170212765957,0.2752659574468085,0.37632978723404253,0.4122340425531915,0.4308510638297872,0.4428191489361702,0.45611702127659576,0.4640957446808511,0.46675531914893614,0.4734042553191489
v_woman,1-6,viewpoint,2048,2048,844,0.11848341232227488,0.3222748815165877,0.46919431279620855,0.54739336492891,0.5995260663507109,0.6208530805687204,0.6350710900473934,0.6409952606635071,0.6457345971563981,0.6469194312796208
v_wormhole,1-2,viewpoint,2048,2048,1161,0.3049095607235142,0.6391042204995694,0.8096468561584841,0.8570198105081827,0.8716623600344531,0.8751076658053403,0.8785529715762274,0.8845822566752799,0.8854435831180018,0.8880275624461671
v_wormhole,1-3,viewpoint,2048,2048,1316,0.25,0.6436170212765957,0.8449848024316109,0.9057750759878419,0.9247720364741642,0.932370820668693,0.9354103343465046,0.9369300911854104,0.9384498480243161,0.9399696048632219
v_wormhole,1-4,viewpoint,2048,2048,1432,0.36312849162011174,0.7604748603351955,0.914804469273743,0.9392458100558659,0.946927374301676,0.9511173184357542,0.9553072625698324,0.9574022346368715,0.9615921787709497,0.9615921787709497
v_wormhole,1-5,viewpoint,2048,2048,1184,0.21452702702702703,0.5194256756756757,0.7263513513513513,0.8006756756756757,0.8243243243243243,0.8361486486486487,0.8420608108108109,0.8488175675675675,0.8513513513513513,0.8547297297297297
v_wormhole,1-6,viewpoint,2048,2048,873,0.054982817869415807,0.18442153493699887,0.30927835051546393,0.41237113402061853,0.4753722794959908,0.5177548682703322,0.5269186712485682,0.5418098510882016,0.5521191294387171,0.5624284077892325
v_wounded,1-2,viewpoint,2048,2048,1315,0.36425855513307986,0.7802281368821293,0.8889733840304183,0.9307984790874525,0.9467680608365019,0.9543726235741445,0.955893536121673,0.9589353612167301,0.9596958174904943,0.9619771863117871
v_wounded,1-3,viewpoint,2048,2048,1098,0.18123861566484517,0.48451730418943534,0.6794171220400729,0.7714025500910747,0.8205828779599271,0.843351548269581,0.8624772313296903,0.8715846994535519,0.8797814207650273,0.8816029143897997
v_wounded,1-4,viewpoint,2048,2048,655,0.03816793893129771,0.13740458015267176,0.233587786259542,0.2885496183206107,0.3603053435114504,0.38778625954198476,0.4213740458015267,0.4351145038167939,0.45038167938931295,0.46106870229007635
v_wounded,1-5,viewpoint,2048,2048,1108,0.1552346570397112,0.45216606498194944,0.6209386281588448,0.7292418772563177,0.7924187725631769,0.8185920577617328,0.8375451263537906,0.8546931407942239,0.8610108303249098,0.8700361010830325
v_wounded,1-6,viewpoint,2048,2048,737,0.07055630936227951,0.2225237449118046,0.33921302578018997,0.43419267299864317,0.48846675712347354,0.5291723202170964,0.5617367706919946,0.5793758480325645,0.5983717774762551,0.6160108548168249
v_yard,1-2,viewpoint,2048,2048,1281,0.3263075722092115,0.7135050741608119,0.8594847775175644,0.8969555035128806,0.9110070257611241,0.9180327868852459,0.9234972677595629,0.9281811085089774,0.9313036690085871,0.9336455893832943
v_yard,1-3,viewpoint,2048,2048,970,0.07422680412371134,0.23917525773195877,0.38556701030927837,0.49587628865979383,0.5690721649484536,0.6175257731958763,0.6402061855670103,0.6577319587628866,0.6659793814432989,0.6690721649484536
v_yard,1-4,viewpoint,2048,2048,1253,0.27773343974461295,0.6352753391859537,0.7869114126097366,0.8579409417398244,0.879489225857941,0.888268156424581,0.8914604948124502,0.8962490023942538,0.9002394253790902,0.9042298483639266
v_yard,1-5,viewpoint,2048,2048,1083,0.13758079409048937,0.38596491228070173,0.5632502308402585,0.6592797783933518,0.7220683287165282,0.76269621421976,0.7894736842105263,0.801477377654663,0.8088642659279779,0.8153277931671283
v_yard,1-6,viewpoint,2048,2048,942,0.06050955414012739,0.17197452229299362,0.28874734607218683,0.37154989384288745,0.43418259023354566,0.4893842887473461,0.5159235668789809,0.5403397027600849,0.5520169851380042,0.5679405520169851
v_yuri,1-2,viewpoint,2048,2048,1424,0.2696629213483146,0.6383426966292135,0.8202247191011236,0.8834269662921348,0.9101123595505618,0.9248595505617978,0.9367977528089888,0.9431179775280899,0.9466292134831461,0.9515449438202247
v_yuri,1-3,viewpoint,2048,2048,1217,0.11257189811010682,0.34264585045193097,0.5521774856203779,0.6852917009038619,0.7691043549712407,0.8134757600657354,0.8405916187345933,0.8545603944124898,0.8644207066557108,0.8734593262119967
v_yuri,1-4,viewpoint,2048,2048,984,0.04369918699186992,0.13821138211382114,0.2774390243902439,0.39227642276422764,0.5020325203252033,0.5853658536585366,0.6443089430894309,0.6697154471544715,0.6941056910569106,0.709349593495935
v_yuri,1-5,viewpoint,2048,2048,1268,0.12066246056782334,0.3675078864353312,0.5772870662460567,0.7050473186119873,0.777602523659306,0.8249211356466877,0.8509463722397477,0.8769716088328076,0.8856466876971609,0.8951104100946372
v_yuri,1-6,viewpoint,2048,2048,1018,0.07662082514734773,0.24165029469548133,0.39096267190569745,0.5108055009823183,0.5854616895874263,0.6522593320235757,0.6944990176817288,0.7210216110019646,0.7445972495088409,0.7593320235756386
